"","state","population","violent_crime","murder_and_manslaughter","rape_legacy","rape_revised","robbery","aggravated_assault","property_crime","burglary","larceny_theft","mvt","violent_crime_rate","murder_manslaughter_rate","rape_legacy_rate","rape_revised_rate","robbery_rate","aggravated_assault_rate","property_crime_rate","burglary_rate","larceny_theft_rate","mvt_rate","X","year"
"1","Alabama",4219000,28844,501,1487,NA,7223,19633,178015,44064,119951,14000,683.7,11.9,35.2,NA,171.2,465.3,4219.4,1044.4,2843.1,331.8,NA,1994
"2","Alaska",606000,4644,38,418,NA,886,3302,29947,4848,21824,3275,766.3,6.3,69,NA,146.2,544.9,4941.7,800,3601.3,540.4,NA,1994
"3","Arizona",4075000,28653,426,1465,NA,6601,20161,294273,60157,190649,43467,703.1,10.5,36,NA,162,494.7,7221.4,1476.2,4678.5,1066.7,NA,1994
"4","Arkansas",2453000,14598,294,1028,NA,3158,10118,103115,26911,68478,7726,595.1,12,41.9,NA,128.7,412.5,4203.6,1097.1,2791.6,315,NA,1994
"5","California",31431000,318395,3703,10984,NA,112160,191548,1622102,384257,929640,308205,1013,11.8,34.9,NA,356.8,609.4,5160.8,1222.5,2957.7,980.6,NA,1994
"6","Colorado",3656000,18632,199,1579,NA,3910,12944,175808,33843,127600,14365,509.6,5.4,43.2,NA,106.9,354,4808.8,925.7,3490.2,392.9,NA,1994
"7","Connecticut",3275000,14916,215,806,NA,6150,7745,134030,29142,84721,20167,455.5,6.6,24.6,NA,187.8,236.5,4092.5,889.8,2586.9,615.8,NA,1994
"8","Delaware",706000,4549,33,546,NA,1141,2829,29971,6198,20828,2945,644.3,4.7,77.3,NA,161.6,400.7,4245.2,877.9,2950.1,417.1,NA,1994
"9","District of Columbia",570000,15177,399,249,NA,6311,8218,48009,10037,29711,8261,2662.6,70,43.7,NA,1107.2,1441.8,8422.6,1760.9,5212.5,1449.3,NA,1994
"10","Florida",13953000,160016,1165,7301,NA,45871,105679,991105,237341,626578,127186,1146.8,8.3,52.3,NA,328.8,757.4,7103.2,1701,4490.6,911.5,NA,1994
"11","Georgia",7055000,47103,703,2448,NA,15703,28249,376926,81406,256208,39312,667.7,10,34.7,NA,222.6,400.4,5342.7,1153.9,3631.6,557.2,NA,1994
"12","Hawaii",1179000,3091,50,359,NA,1221,1461,75672,14029,55260,6383,262.2,4.2,30.4,NA,103.6,123.9,6418.3,1189.9,4687,541.4,NA,1994
"13","Idaho",1133000,3238,40,316,NA,209,2673,42954,8147,32597,2210,285.8,3.5,27.9,NA,18.4,235.9,3791.2,719.1,2877.1,195.1,NA,1994
"14","Illinois",11752000,112928,1378,3913,NA,43788,63849,548222,118116,363888,66218,960.9,11.7,33.3,NA,372.6,543.3,4664.9,1005.1,3096.4,563.5,NA,1994
"15","Indiana",5752000,30205,453,2046,NA,7490,20216,233975,48921,160043,25011,525.1,7.9,35.6,NA,130.2,351.5,4067.7,850.5,2782.4,434.8,NA,1994
"16","Iowa",2829000,8914,47,666,NA,1327,6874,94475,18872,70507,5096,315.1,1.7,23.5,NA,46.9,243,3339.5,667.1,2492.3,180.1,NA,1994
"17","Kansas",2554000,11314,170,1055,NA,2940,7149,112477,28635,75459,8383,443,6.7,41.3,NA,115.1,279.9,4404,1121.2,2954.5,328.2,NA,1994
"18","Kentucky",3827000,16991,244,1350,NA,3595,11802,110725,28718,73449,8558,444,6.4,35.3,NA,93.9,308.4,2893.3,750.4,1919.2,223.6,NA,1994
"19","Louisiana",4315000,42369,856,1923,NA,11530,28060,245488,55188,164081,26219,981.9,19.8,44.6,NA,267.2,650.3,5689.2,1279,3802.6,607.6,NA,1994
"20","Maine",1240000,1611,28,318,NA,278,987,38971,8938,28257,1776,129.9,2.3,25.6,NA,22.4,79.6,3142.8,720.8,2278.8,143.2,NA,1994
"21","Maryland",5006000,47457,579,2035,NA,20147,24696,259039,52234,168608,38197,948,11.6,40.7,NA,402.5,493.3,5174.6,1043.4,3368.1,763,NA,1994
"22","Massachusetts",6041000,42749,214,1825,NA,10160,30550,225532,53222,129962,42348,707.6,3.5,30.2,NA,168.2,505.7,3733.4,881,2151.3,701,NA,1994
"23","Michigan",9496000,72751,927,6720,NA,21733,43371,444325,91849,290172,62304,766.1,9.8,70.8,NA,228.9,456.7,4679.1,967.2,3055.7,656.1,NA,1994
"24","Minnesota",4567000,16397,147,2725,NA,5370,8155,181856,36157,131344,14355,359,3.2,59.7,NA,117.6,178.6,3982,791.7,2875.9,314.3,NA,1994
"25","Mississippi",2669000,13177,409,1212,NA,4336,7220,115924,34493,70621,10810,493.7,15.3,45.4,NA,162.5,270.5,4343.3,1292.4,2646,405,NA,1994
"26","Missouri",5278000,39240,554,1955,NA,12178,24553,240898,55577,158283,27038,743.5,10.5,37,NA,230.7,465.2,4564.2,1053,2998.9,512.3,NA,1994
"27","Montana",856000,1516,28,233,NA,280,975,41445,6178,32817,2450,177.1,3.3,27.2,NA,32.7,113.9,4841.7,721.7,3833.8,286.2,NA,1994
"28","Nebraska",1623000,6322,51,500,NA,1223,4548,65746,10963,48547,6236,389.5,3.1,30.8,NA,75.4,280.2,4050.9,675.5,2991.2,384.2,NA,1994
"29","Nevada",1457000,14597,170,1001,NA,5134,8292,82693,19735,51893,11065,1001.9,11.7,68.7,NA,352.4,569.1,5675.6,1354.5,3561.6,759.4,NA,1994
"30","New Hampshire",1137000,1328,16,407,NA,308,597,29837,5275,22260,2302,116.8,1.4,35.8,NA,27.1,52.5,2624.2,463.9,1957.8,202.5,NA,1994
"31","New Jersey",7904000,48544,396,1972,NA,22762,23414,319856,72074,195618,52164,614.2,5,24.9,NA,288,296.2,4046.8,911.9,2474.9,660,NA,1994
"32","New Mexico",1654000,14708,177,866,NA,2329,11336,87638,21945,57343,8350,889.2,10.7,52.4,NA,140.8,685.4,5298.5,1326.8,3466.9,504.8,NA,1994
"33","New York",18169000,175433,2016,4700,NA,86617,82100,745845,164650,452322,128873,965.6,11.1,25.9,NA,476.7,451.9,4105,906.2,2489.5,709.3,NA,1994
"34","North Carolina",7070000,46308,772,2334,NA,12811,30391,351397,104118,225937,21342,655,10.9,33,NA,181.2,429.9,4970.3,1472.7,3195.7,301.9,NA,1994
"35","North Dakota",638000,522,1,149,NA,71,301,16933,2070,13899,964,81.8,0.2,23.4,NA,11.1,47.2,2654.1,324.5,2178.5,151.1,NA,1994
"36","Ohio",11102000,53930,662,5231,NA,20821,27216,441380,96175,297792,47413,485.8,6,47.1,NA,187.5,245.1,3975.7,866.3,2682.3,427.1,NA,1994
"37","Oklahoma",3258000,21225,226,1616,NA,4174,15209,160250,40764,104025,15461,651.5,6.9,49.6,NA,128.1,466.8,4918.7,1251.2,3192.9,474.6,NA,1994
"38","Oregon",3086000,16067,150,1333,NA,4264,10320,178240,33970,122506,21764,520.6,4.9,43.2,NA,138.2,334.4,5775.8,1100.8,3969.7,705.2,NA,1994
"39","Pennsylvania",12052000,51425,712,3145,NA,22497,25071,342901,66468,222280,54153,426.7,5.9,26.1,NA,186.7,208,2845.2,551.5,1844.3,449.3,NA,1994
"40","Rhode Island",997000,3744,41,273,NA,870,2560,37323,9101,23039,5183,375.5,4.1,27.4,NA,87.3,256.8,3743.5,912.8,2310.8,519.9,NA,1994
"41","South Carolina",3664000,37756,353,1991,NA,6817,28595,182114,46678,122252,13184,1030.5,9.6,54.3,NA,186.1,780.4,4970.4,1274,3336.6,359.8,NA,1994
"42","South Dakota",721000,1641,10,303,NA,135,1193,20726,3938,15916,872,227.6,1.4,42,NA,18.7,165.5,2874.6,546.2,2207.5,120.9,NA,1994
"43","Tennessee",5175000,38705,482,2545,NA,10735,24943,226247,59080,138173,28994,747.9,9.3,49.2,NA,207.4,482,4371.9,1141.6,2670,560.3,NA,1994
"44","Texas",18378000,129838,2022,9102,NA,37643,81071,949387,214687,623947,110753,706.5,11,49.5,NA,204.8,441.1,5165.9,1168.2,3395.1,602.6,NA,1994
"45","Utah",1908000,5810,56,806,NA,1213,3735,95332,15089,74554,5689,304.5,2.9,42.2,NA,63.6,195.8,4996.4,790.8,3907.4,298.2,NA,1994
"46","Vermont",580000,562,6,160,NA,71,325,18290,4274,13154,862,96.9,1,27.6,NA,12.2,56,3153.4,736.9,2267.9,148.6,NA,1994
"47","Virginia",6552000,23437,571,1868,NA,8704,12294,241763,41855,181619,18289,357.7,8.7,28.5,NA,132.8,187.6,3689.9,638.8,2772,279.1,NA,1994
"48","Washington",5343000,27317,294,3230,NA,7464,16329,294734,55793,212198,26743,511.3,5.5,60.5,NA,139.7,305.6,5516.3,1044.2,3971.5,500.5,NA,1994
"49","West Virginia",1822000,3931,99,370,NA,772,2690,42136,10673,28189,3274,215.8,5.4,20.3,NA,42.4,147.6,2312.6,585.8,1547.1,179.7,NA,1994
"50","Wisconsin",5082000,13748,227,1192,NA,5739,6590,186704,32824,135559,18321,270.5,4.5,23.5,NA,112.9,129.7,3673.8,645.9,2667.4,360.5,NA,1994
"51","Wyoming",476000,1297,16,160,NA,79,1042,19122,3097,15254,771,272.5,3.4,33.6,NA,16.6,218.9,4017.2,650.6,3204.6,162,NA,1994
"52","Alabama",4273000,24159,444,1397,NA,7124,15194,181803,42821,123350,15632,565.4,10,33,NA,167,356,4254.7,1002.1,2886.7,366,NA,1996
"53","Alaska",607000,4417,45,398,NA,710,3264,28667,5118,20557,2992,727.7,7.4,65.6,NA,117,537.7,4722.7,843.2,3386.7,492.9,NA,1996
"54","Arizona",4428000,27963,377,1381,NA,7429,18776,284964,55630,188300,41034,631.5,8.5,31.2,NA,167.8,424,6435.5,1256.3,4252.5,926.7,NA,1996
"55","Arkansas",2510000,13161,219,1046,NA,2864,9032,104790,23925,73010,7855,524.3,8.7,41.7,NA,114.1,359.8,4174.9,953.2,2908.8,312.9,NA,1996
"56","California",31878000,274996,2916,10244,NA,94222,167614,1385135,312212,830457,242466,862.7,9.1,32.1,NA,295.6,525.8,4345.1,979.4,2605.1,760.6,NA,1996
"57","Colorado",3823000,15463,180,1765,NA,3755,9763,180218,34436,130576,15206,404.5,4.7,46.2,NA,98.2,255.4,4714,900.8,3415.5,397.8,NA,1996
"58","Connecticut",3274000,13490,158,755,NA,5552,7025,124924,27574,81328,16022,412,4.8,23.1,NA,169.6,214.6,3815.6,842.2,2484.1,489.4,NA,1996
"59","Delaware",725000,4845,31,454,NA,1304,3056,30643,5830,21665,3148,668.3,4.3,62.6,NA,179.9,421.5,4226.6,804.1,2988.3,434.2,NA,1996
"60","District of Columbia",543000,13411,397,260,NA,6444,6310,51188,9828,31385,9975,2469.8,73.1,47.9,NA,1186.7,1162.1,9426.9,1809.9,5779.9,1837,NA,1996
"61","Florida",14400000,151350,1077,7508,NA,41643,101122,928273,219056,605448,103769,1051,7.5,52.1,NA,289.2,702.2,6446.3,1521.2,4204.5,720.6,NA,1996
"62","Georgia",7353000,46966,630,2357,NA,15100,28879,416986,81968,288803,46215,638.7,8.6,32.1,NA,205.4,392.8,5671,1114.8,3927.7,628.5,NA,1996
"63","Hawaii",1184000,3322,40,326,NA,1606,1350,74639,12781,54701,7157,280.6,3.4,27.5,NA,135.6,114,6304,1079.5,4620,604.5,NA,1996
"64","Idaho",1189000,3177,43,313,NA,241,2580,44532,8431,33872,2229,267.2,3.6,26.3,NA,20.3,217,3745.3,709.1,2848.8,187.5,NA,1996
"65","Illinois",11847000,105482,1179,4548,NA,33106,66649,524777,108185,358515,58077,890.4,10,38.4,NA,279.4,562.6,4429.6,913.2,3026.2,490.2,NA,1996
"66","Indiana",5841000,31366,420,1992,NA,7249,21705,231376,45782,160777,24817,537,7.2,34.1,NA,124.1,371.6,3961.2,783.8,2752.6,424.9,NA,1996
"67","Iowa",2852000,7771,53,561,NA,1286,5871,96296,18954,71893,5449,272.5,1.9,19.7,NA,45.1,205.9,3376.4,664.6,2520.8,191.1,NA,1996
"68","Kansas",2572000,10642,170,1096,NA,2476,6900,109772,25239,78145,6388,413.8,6.6,42.6,NA,96.3,268.3,4268,981.3,3038.3,248.4,NA,1996
"69","Kentucky",3884000,12448,228,1230,NA,3643,7347,110531,26736,73653,10142,320.5,5.9,31.7,NA,93.8,189.2,2845.8,688.4,1896.3,261.1,NA,1996
"70","Louisiana",4351000,40426,762,1805,NA,12036,25823,257130,56379,173271,27480,929.1,17.5,41.5,NA,276.6,593.5,5909.7,1295.8,3982.3,631.6,NA,1996
"71","Maine",1243000,1553,25,260,NA,292,976,40636,9303,29557,1776,124.9,2,20.9,NA,23.5,78.5,3269.2,748.4,2377.9,142.9,NA,1996
"72","Maryland",5072000,47230,588,1905,NA,19944,24793,260231,50331,173817,36083,931.2,11.6,37.6,NA,393.2,488.8,5130.7,992.3,3427,711.4,NA,1996
"73","Massachusetts",6092000,39122,157,1767,NA,7778,29420,194636,42896,119562,32178,642.2,2.6,29,NA,127.7,482.9,3194.9,704.1,1962.6,528.2,NA,1996
"74","Michigan",9594000,60951,722,5466,NA,16907,37856,430020,85908,276909,67203,635.3,7.5,57,NA,176.2,394.6,4482.2,895.4,2886.3,700.5,NA,1996
"75","Minnesota",4658000,15782,167,2327,NA,5385,7903,192109,35515,138671,17923,338.8,3.6,50,NA,115.6,169.7,4124.3,762.5,2977.1,384.8,NA,1996
"76","Mississippi",2716000,13261,301,981,NA,3646,8333,109581,30755,69299,9527,488.3,11.1,36.1,NA,134.2,306.8,4034.6,1132.4,2551.5,350.8,NA,1996
"77","Missouri",5359000,31669,433,1566,NA,9142,20528,240781,47919,168870,23992,590.9,8.1,29.2,NA,170.6,383.1,4493,894.2,3151.1,447.7,NA,1996
"78","Montana",879000,1415,34,238,NA,261,882,38084,4908,30928,2248,161,3.9,27.1,NA,29.7,100.3,4332.7,558.4,3518.5,255.7,NA,1996
"79","Nebraska",1652000,7182,48,447,NA,1052,5635,66110,10152,50315,5643,434.7,2.9,27.1,NA,63.7,341.1,4001.8,614.5,3045.7,342,NA,1996
"80","Nevada",1603000,13005,220,856,NA,4931,6998,83047,19558,52295,11194,811.3,13.7,53.4,NA,307.6,436.6,5180.7,1220.1,3262.3,698.3,NA,1996
"81","New Hampshire",1162000,1373,20,404,NA,317,632,31436,5063,24611,1762,118.2,1.7,34.8,NA,27.3,54.4,2705.3,435.7,2118,151.6,NA,1996
"82","New Jersey",7988000,42459,338,1976,NA,18838,21307,303657,63259,193961,46437,531.5,4.2,24.7,NA,235.8,266.7,3801.4,791.9,2428.2,581.3,NA,1996
"83","New Mexico",1713000,14399,197,1088,NA,2782,10332,98698,23586,65139,9973,840.6,11.5,63.5,NA,162.4,603.2,5761.7,1376.9,3802.6,582.2,NA,1996
"84","New York",18185000,132206,1353,4174,NA,61822,64857,619250,129828,399522,89900,727,7.4,23,NA,340,356.7,3405.3,713.9,2197,494.4,NA,1996
"85","North Carolina",7323000,43068,619,2289,NA,12001,28159,361616,98539,238511,24566,588.1,8.5,31.3,NA,163.9,384.5,4938.1,1345.6,3257,335.5,NA,1996
"86","North Dakota",644000,541,14,155,NA,71,301,16648,1991,13433,1224,84,2.2,24.1,NA,11,46.7,2585.1,309.2,2085.9,190.1,NA,1996
"87","Ohio",11173000,47896,538,4617,NA,18336,24405,449935,93336,311071,45528,428.7,4.8,41.3,NA,164.1,218.4,4027,835.4,2784.1,407.5,NA,1996
"88","Oklahoma",3301000,19710,223,1545,NA,3519,14423,166892,41447,109506,15939,597.1,6.8,46.8,NA,106.8,436.9,5055.8,1255.6,3317.4,482.9,NA,1996
"89","Oregon",3204000,14837,129,1272,NA,3914,9522,177295,31664,128618,17013,463.1,4,39.7,NA,122.2,297.2,5533.6,988.3,4014.3,531,NA,1996
"90","Pennsylvania",12056000,57905,686,3034,NA,22784,31401,370851,71357,250758,48736,480.3,5.7,25.2,NA,189,260.5,3076.1,591.9,2079.9,404.2,NA,1996
"91","Rhode Island",990000,3437,25,287,NA,824,2301,36099,8135,23367,4597,347.2,2.5,29,NA,83.2,232.4,3646.4,821.7,2360.3,464.3,NA,1996
"92","South Carolina",3699000,36875,332,1821,NA,6361,28361,192986,47487,129650,15849,996.9,9,49.2,NA,172,766.7,5217.2,1283.8,3505,428.5,NA,1996
"93","South Dakota",732000,1297,9,300,NA,138,850,20443,4077,15532,834,177.2,1.2,41,NA,18.9,116.1,2792.8,557,2121.9,113.9,NA,1996
"94","Tennessee",5320000,41175,503,2475,NA,11902,26295,248729,61896,152405,34428,774,9.5,46.5,NA,223.7,494.3,4675.4,1163.5,2864.8,647.1,NA,1996
"95","Texas",19128000,123270,1477,8376,NA,32804,80613,968732,204390,659414,104928,644.4,7.7,43.8,NA,171.5,421.4,5064.5,1068.5,3447.4,548.6,NA,1996
"96","Utah",2000000,6638,63,836,NA,1377,4362,113079,16965,87542,8572,331.9,3.2,41.8,NA,68.9,218.1,5654,848.3,4377.1,428.6,NA,1996
"97","Vermont",589000,714,11,159,NA,91,453,16973,3964,12124,885,121.2,1.9,27,NA,15.4,76.9,2881.7,673,2058.4,150.3,NA,1996
"98","Virginia",6675000,22782,500,1783,NA,8181,12318,242100,39255,184237,18608,341.3,7.5,26.7,NA,122.6,184.5,3627,588.1,2760.1,278.8,NA,1996
"99","Washington",5533000,23857,255,2828,NA,6587,14187,303111,58512,215706,28893,431.2,4.6,51.1,NA,119,256.4,5478.2,1057.5,3898.5,522.2,NA,1996
"100","West Virginia",1826000,3836,69,358,NA,737,2672,41510,9979,28300,3231,210.1,3.8,19.6,NA,40.4,146.3,2273.3,546.5,1549.8,176.9,NA,1996
"101","Wisconsin",5160000,13039,204,1086,NA,4982,6767,184143,30356,135941,17846,252.7,4,21,NA,96.6,131.1,3568.7,588.3,2634.5,345.9,NA,1996
"102","Wyoming",481000,1201,16,140,NA,98,947,19261,3184,15408,669,249.7,3.3,29.1,NA,20.4,196.9,4004.4,662,3203.3,139.1,NA,1996
"103","Alabama",4352000,22286,354,1443,NA,5698,14791,177779,41965,120943,14871,512.1,8.1,33.2,NA,130.9,339.9,4085,964.3,2779,341.7,NA,1998
"104","Alaska",614000,4015,41,421,NA,532,3021,25316,4098,18611,2607,653.9,6.7,68.6,NA,86.6,492,4123.1,667.4,3031.1,424.6,NA,1998
"105","Arizona",4669000,26984,376,1451,NA,7715,17442,280001,56473,183137,40391,577.9,8.1,31.1,NA,165.2,373.6,5997,1209.5,3922.4,865.1,NA,1998
"106","Arkansas",2538000,12442,201,893,NA,2442,8906,96271,23559,65525,7187,490.2,7.9,35.2,NA,96.2,350.9,3793.2,928.3,2581.8,283.2,NA,1998
"107","California",32667000,229883,2171,9782,NA,68782,149148,1188791,269012,724262,195517,703.7,6.6,29.9,NA,210.6,456.6,3639.1,823.5,2217.1,598.5,NA,1998
"108","Colorado",3971000,15008,183,1883,NA,3238,9704,163189,31231,115871,16087,377.9,4.6,47.4,NA,81.5,244.4,4109.5,786.5,2917.9,405.1,NA,1998
"109","Connecticut",3274000,11993,135,728,NA,4379,6751,111978,21801,77472,12705,366.3,4.1,22.2,NA,133.8,206.2,3420.2,665.9,2366.3,388.1,NA,1998
"110","Delaware",744000,5672,21,499,NA,1445,3707,34230,6395,24649,3186,762.4,2.8,67.1,NA,194.2,498.3,4600.8,859.5,3313,428.2,NA,1998
"111","District of Columbia",523000,8988,260,190,NA,3606,4932,37222,6361,24360,6501,1718.5,49.7,36.3,NA,689.5,943,7117,1216.3,4657.7,1243,NA,1998
"112","Florida",14916000,140016,967,7404,NA,36198,95447,887107,203105,579752,104250,938.7,6.5,49.6,NA,242.7,639.9,5947.4,1361.7,3886.8,698.9,NA,1998
"113","Georgia",7642000,43762,618,2322,NA,14308,26514,373717,75720,255459,42538,572.7,8.1,30.4,NA,187.2,347,4890.3,990.8,3342.8,556.6,NA,1998
"114","Hawaii",1193000,2946,24,352,NA,1225,1345,60677,11169,43914,5594,246.9,2,29.5,NA,102.7,112.7,5086.1,936.2,3681,468.9,NA,1998
"115","Idaho",1229000,3468,36,386,NA,264,2782,42185,8518,31385,2282,282.2,2.9,31.4,NA,21.5,226.4,3432.5,693.1,2553.7,185.7,NA,1998
"116","Illinois",12045000,97291,1008,4095,NA,29927,62261,487915,97792,337191,52932,807.7,8.4,34,NA,248.5,516.9,4050.8,811.9,2799.4,439.5,NA,1998
"117","Indiana",5899000,25423,454,1952,NA,6561,16456,220529,46552,152790,21187,431,7.7,33.1,NA,111.2,279,3738.4,789.2,2590.1,359.2,NA,1998
"118","Iowa",2862000,8916,54,728,NA,1456,6678,91272,19282,66016,5974,311.5,1.9,25.4,NA,50.9,233.3,3189.1,673.7,2306.6,208.7,NA,1998
"119","Kansas",2629000,10972,173,1128,NA,2287,7384,117114,24984,85329,6801,417.3,6.6,42.9,NA,87,280.9,4454.7,950.3,3245.7,258.7,NA,1998
"120","Kentucky",3936000,12909,237,1107,NA,3468,8097,109721,27998,71971,9752,328,6,28.1,NA,88.1,205.7,2787.6,711.3,1828.5,247.8,NA,1998
"121","Louisiana",4369000,34057,560,1609,NA,8651,23237,232378,51210,157507,23661,779.5,12.8,36.8,NA,198,531.9,5318.8,1172.1,3605.1,541.6,NA,1998
"122","Maine",1244000,1566,26,225,NA,263,1052,36261,8295,26457,1509,125.9,2.1,18.1,NA,21.1,84.6,2914.9,666.8,2126.8,121.3,NA,1998
"123","Maryland",5135000,40903,513,1714,NA,15339,23337,234624,47393,159019,28212,796.6,10,33.4,NA,298.7,454.5,4569.1,922.9,3096.8,549.4,NA,1998
"124","Massachusetts",6147000,38192,124,1687,NA,5938,30443,173011,37333,109275,26403,621.3,2,27.4,NA,96.6,495.2,2814.6,607.3,1777.7,429.5,NA,1998
"125","Michigan",9817000,60947,721,4946,NA,15293,39987,398773,82249,258186,58338,620.8,7.3,50.4,NA,155.8,407.3,4062.1,837.8,2630,594.3,NA,1998
"126","Minnesota",4725000,14656,121,2358,NA,4371,7806,176541,32486,128689,15366,310.2,2.6,49.9,NA,92.5,165.2,3736.3,687.5,2723.6,325.2,NA,1998
"127","Mississippi",2752000,11302,315,1026,NA,3394,6567,109345,31498,68525,9322,410.7,11.4,37.3,NA,123.3,238.6,3973.3,1144.5,2490,338.7,NA,1998
"128","Missouri",5439000,30222,399,1463,NA,8116,20244,232284,47455,160363,24466,555.7,7.3,26.9,NA,149.2,372.2,4270.7,872.5,2948.4,449.8,NA,1998
"129","Montana",880000,1797,18,235,NA,232,1312,36564,4575,29940,2049,204.2,2,26.7,NA,26.4,149.1,4155,519.9,3402.3,232.8,NA,1998
"130","Nebraska",1663000,7507,51,417,NA,1290,5749,65752,10544,49420,5788,451.4,3.1,25.1,NA,77.6,345.7,3953.8,634,2971.7,348,NA,1998
"131","Nevada",1747000,11244,170,911,NA,4453,5710,81006,19873,47367,13766,643.6,9.7,52.1,NA,254.9,326.8,4636.9,1137.6,2711.3,788,NA,1998
"132","New Hampshire",1185000,1270,18,400,NA,255,597,27405,3852,22079,1474,107.2,1.5,33.8,NA,21.5,50.4,2312.7,325.1,1863.2,124.4,NA,1998
"133","New Jersey",8115000,35720,325,1623,NA,15109,18663,260810,54459,171166,35185,440.2,4,20,NA,186.2,230,3213.9,671.1,2109.3,433.6,NA,1998
"134","New Mexico",1737000,16700,190,957,NA,2839,12714,100011,24213,65031,10767,961.4,10.9,55.1,NA,163.4,732,5757.7,1394,3743.9,619.9,NA,1998
"135","New York",18175000,115915,924,3843,NA,49125,62023,536287,104821,363295,68171,637.8,5.1,21.1,NA,270.3,341.3,2950.7,576.7,1998.9,375.1,NA,1998
"136","North Carolina",7546000,43723,612,2311,NA,12133,28667,357892,99951,233325,24616,579.4,8.1,30.6,NA,160.8,379.9,4742.8,1324.6,3092,326.2,NA,1998
"137","North Dakota",638000,570,7,212,NA,65,286,16535,2274,13134,1127,89.3,1.1,33.2,NA,10.2,44.8,2591.7,356.4,2058.6,176.6,NA,1998
"138","Ohio",11209000,40628,443,4543,NA,14960,20682,444438,90805,310612,43021,362.5,4,40.5,NA,133.5,184.5,3965,810.1,2771.1,383.8,NA,1998
"139","Oklahoma",3347000,18053,204,1513,NA,3078,13258,149426,38268,97593,13565,539.4,6.1,45.2,NA,92,396.1,4464.5,1143.4,2915.8,405.3,NA,1998
"140","Oregon",3282000,13778,126,1307,NA,3452,8893,171545,30442,123841,17262,419.8,3.8,39.8,NA,105.2,271,5226.8,927.5,3773.3,526,NA,1998
"141","Pennsylvania",12001000,50470,633,3223,NA,19787,26827,342318,63777,235873,42668,420.5,5.3,26.9,NA,164.9,223.5,2852.4,531.4,1965.4,355.5,NA,1998
"142","Rhode Island",988000,3084,24,351,NA,659,2050,31672,6452,21391,3829,312.1,2.4,35.5,NA,66.7,207.5,3205.7,653,2165.1,387.6,NA,1998
"143","South Carolina",3836000,34647,306,1753,NA,5943,26645,186960,44600,126412,15948,903.2,8,45.7,NA,154.9,694.6,4873.8,1162.7,3295.4,415.7,NA,1998
"144","South Dakota",738000,1139,10,258,NA,149,722,18227,3458,14006,763,154.3,1.4,35,NA,20.2,97.8,2469.8,468.6,1897.8,103.4,NA,1998
"145","Tennessee",5431000,38832,460,2485,NA,9667,26220,234588,58432,148057,28099,715,8.5,45.8,NA,178,482.8,4319.4,1075.9,2726.1,517.4,NA,1998
"146","Texas",19760000,111566,1346,7913,NA,28677,73630,898496,194883,606967,96646,564.6,6.8,40,NA,145.1,372.6,4547,986.3,3071.7,489.1,NA,1998
"147","Utah",2100000,6599,65,875,NA,1385,4274,109025,17070,84255,7700,279.5,2.1,38.4,NA,55.1,183.9,4768.1,694.9,3721.7,351.5,NA,1998
"148","Vermont",591000,628,13,163,NA,56,396,17924,3966,13084,874,106.3,2.2,27.6,NA,9.5,67,3032.8,671.1,2213.9,147.9,NA,1998
"149","Virginia",6791000,22115,422,1810,NA,7171,12712,226461,38094,170012,18355,325.7,6.2,26.7,NA,105.6,187.2,3334.7,560.9,2503.5,270.3,NA,1998
"150","Washington",5689000,24380,224,2740,NA,6577,14839,309419,60446,213773,35200,428.5,3.9,48.2,NA,115.6,260.8,5438.9,1062.5,3757.7,618.7,NA,1998
"151","West Virginia",1811000,4503,78,339,NA,676,3410,41627,11110,27127,3390,248.6,4.3,18.7,NA,37.3,188.3,2298.6,613.5,1497.9,187.2,NA,1998
"152","Wisconsin",5224000,13009,190,1037,NA,4474,7308,172084,29740,128134,14210,249,3.6,19.9,NA,85.6,139.9,3294.1,569.3,2452.8,272,NA,1998
"153","Wyoming",481000,1191,23,133,NA,78,957,17124,2696,13759,669,247.6,4.8,27.7,NA,16.2,199,3560.1,560.5,2860.5,139.1,NA,1998
"154","Alabama",4447100,21620,329,1482,NA,5702,14107,180539,40331,127399,12809,486.2,7.4,33.3,NA,128.2,317.2,4059.7,906.9,2864.8,288,NA,2000
"155","Alaska",626932,3554,27,497,NA,490,2540,23087,3899,16838,2350,566.9,4.3,79.3,NA,78.2,405.1,3682.5,621.9,2685.8,374.8,NA,2000
"156","Arizona",5130632,27281,359,1577,NA,7504,17841,271811,51902,176705,43204,531.7,7,30.7,NA,146.3,347.7,5297.8,1011.6,3444.1,842.1,NA,2000
"157","Arkansas",2673400,11904,168,848,NA,2001,8887,98115,21443,69740,6932,445.3,6.3,31.7,NA,74.8,332.4,3670,802.1,2608.7,259.3,NA,2000
"158","California",33871648,210531,2079,9785,NA,60249,138418,1056183,222293,651855,182035,621.6,6.1,28.9,NA,177.9,408.7,3118.2,656.3,1924.5,537.4,NA,2000
"159","Colorado",4301261,14367,134,1774,NA,3034,9425,156937,27133,112843,16961,334,3.1,41.2,NA,70.5,219.1,3648.6,630.8,2623.5,394.3,NA,2000
"160","Connecticut",3405565,11058,98,678,NA,3832,6450,99033,17436,68498,13099,324.7,2.9,19.9,NA,112.5,189.4,2908,512,2011.4,384.6,NA,2000
"161","Delaware",783600,5363,25,424,NA,1394,3520,29727,5216,21360,3151,684.4,3.2,54.1,NA,177.9,449.2,3793.6,665.6,2725.9,402.1,NA,2000
"162","District of Columbia",572059,8626,239,251,NA,3554,4582,33000,4745,21655,6600,1507.9,41.8,43.9,NA,621.3,801,5768.6,829.5,3785.4,1153.7,NA,2000
"163","Florida",15982378,129777,903,7057,NA,31809,90008,780377,172898,518298,89181,812,5.6,44.2,NA,199,563.2,4882.7,1081.8,3242.9,558,NA,2000
"164","Georgia",8186453,41319,651,1968,NA,13250,25450,347630,68488,240440,38702,504.7,8,24,NA,161.9,310.9,4246.4,836.6,2937,472.8,NA,2000
"165","Hawaii",1211537,2954,35,346,NA,1123,1450,60033,10665,43254,6114,243.8,2.9,28.6,NA,92.7,119.7,4955.1,880.3,3570.2,504.6,NA,2000
"166","Idaho",1293953,3267,16,384,NA,223,2644,37961,7330,28545,2086,252.5,1.2,29.7,NA,17.2,204.3,2933.7,566.5,2206,161.2,NA,2000
"167","Illinois",12419293,81196,898,3926,NA,25641,50731,445278,81850,313161,50267,653.8,7.2,31.6,NA,206.5,408.5,3585.4,659.1,2521.6,404.7,NA,2000
"168","Indiana",6080485,21230,352,1759,NA,6282,12837,206905,41108,144707,21090,349.1,5.8,28.9,NA,103.3,211.1,3402.8,676.1,2379.9,346.8,NA,2000
"169","Iowa",2926324,7796,46,676,NA,1071,6003,86834,16342,65118,5374,266.4,1.6,23.1,NA,36.6,205.1,2967.3,558.4,2225.2,183.6,NA,2000
"170","Kansas",2688418,10470,169,1022,NA,2048,7231,108057,21484,80077,6496,389.4,6.3,38,NA,76.2,269,4019.4,799.1,2978.6,241.6,NA,2000
"171","Kentucky",4041769,11903,193,1091,NA,3256,7363,107723,25308,73141,9274,294.5,4.8,27,NA,80.6,182.2,2665.2,626.2,1809.6,229.5,NA,2000
"172","Louisiana",4468976,30440,560,1497,NA,7532,20851,211904,46289,144345,21270,681.1,12.5,33.5,NA,168.5,466.6,4741.7,1035.8,3229.9,475.9,NA,2000
"173","Maine",1274923,1397,15,320,NA,247,815,32003,6775,23906,1322,109.6,1.2,25.1,NA,19.4,63.9,2510.2,531.4,1875.1,103.7,NA,2000
"174","Maryland",5296486,41663,430,1543,NA,13560,26130,213422,39426,145423,28573,786.6,8.1,29.1,NA,256,493.3,4029.5,744.4,2745.7,539.5,NA,2000
"175","Massachusetts",6349097,30230,125,1696,NA,5815,22594,161901,30600,105425,25876,476.1,2,26.7,NA,91.6,355.9,2550,482,1660.5,407.6,NA,2000
"176","Michigan",9938444,55159,669,5025,NA,13712,35753,353297,69790,227783,55724,555,6.7,50.6,NA,138,359.7,3554.9,702.2,2291.9,560.7,NA,2000
"177","Minnesota",4919479,13813,151,2240,NA,3713,7709,157798,26116,118250,13432,280.8,3.1,45.5,NA,75.5,156.7,3207.6,530.9,2403.7,273,NA,2000
"178","Mississippi",2844658,10267,255,1019,NA,2703,6290,103644,26918,69758,6968,360.9,9,35.8,NA,95,221.1,3643.5,946.3,2452.2,245,NA,2000
"179","Missouri",5595211,27419,347,1351,NA,7598,18123,225919,41685,159539,24695,490,6.2,24.1,NA,135.8,323.9,4037.7,745,2851.3,441.4,NA,2000
"180","Montana",902195,2807,20,308,NA,203,2276,32198,3624,26678,1896,311.1,2.2,34.1,NA,22.5,252.3,3568.9,437.4,2957,210.2,NA,2000
"181","Nebraska",1711263,5606,63,436,NA,1147,3960,64479,10131,49118,5230,327.6,3.7,25.5,NA,67,231.4,3767.9,592,2870.3,305.6,NA,2000
"182","Nevada",1998257,10474,129,860,NA,4543,4942,74823,17526,44125,13172,524.2,6.5,43,NA,227.3,247.3,3744.4,877.1,2208.2,659.2,NA,2000
"183","New Hampshire",1235786,2167,22,522,NA,453,1170,27901,4992,20761,2148,175.4,1.8,42.2,NA,36.7,94.7,2257.8,404,1680,173.8,NA,2000
"184","New Jersey",8414350,32298,289,1357,NA,13553,17099,233637,43924,155562,34151,383.8,3.4,16.1,NA,161.1,203.2,2776.6,522,1848.8,405.9,NA,2000
"185","New Mexico",1819046,13786,135,922,NA,2499,10230,86605,21339,57925,7341,757.9,7.4,50.7,NA,137.4,562.4,4761,1173.1,3184.4,403.6,NA,2000
"186","New York",18976457,105111,952,3530,NA,40539,60090,483078,87946,340901,54231,553.9,5,18.6,NA,213.6,316.7,2545.7,463.4,1796.4,285.8,NA,2000
"187","North Carolina",8049313,40051,560,2181,NA,12595,24715,355921,97888,232767,25266,497.6,7,27.1,NA,156.5,307,4421.8,1216.1,2891.8,313.9,NA,2000
"188","North Dakota",642200,523,4,169,NA,56,294,14171,2093,11092,986,81.4,0.6,26.3,NA,8.7,45.8,2206.6,325.9,1727.2,153.5,NA,2000
"189","Ohio",11353140,37935,418,4271,NA,15610,17636,420939,88636,293277,39026,334.1,3.7,37.6,NA,137.5,155.3,3707.7,780.7,2583.2,343.7,NA,2000
"190","Oklahoma",3450654,17177,182,1422,NA,2615,12958,140125,31661,96116,12348,497.8,5.3,41.2,NA,75.8,375.5,4060.8,917.5,2785.4,357.8,NA,2000
"191","Oregon",3421399,12000,70,1286,NA,2888,7756,153780,25618,114230,13932,350.7,2,37.6,NA,84.4,226.7,4494.7,748.8,3338.7,407.2,NA,2000
"192","Pennsylvania",12281054,51584,602,3247,NA,18155,29580,316274,54080,225869,36325,420,4.9,26.4,NA,147.8,240.9,2575.3,440.4,1839.2,295.8,NA,2000
"193","Rhode Island",1048319,3121,45,412,NA,922,1742,33323,6620,22038,4665,297.7,4.3,39.3,NA,88,166.2,3178.7,631.5,2102.2,445,NA,2000
"194","South Carolina",4012012,33225,291,1660,NA,6220,25054,181290,40319,125385,15586,828.1,7.3,41.4,NA,155,624.5,4518.7,969.3,3125.2,388.5,NA,2000
"195","South Dakota",754844,1259,7,305,NA,131,816,16252,2896,12558,798,166.8,0.9,40.4,NA,17.4,108.1,2153,383.7,1663.7,105.7,NA,2000
"196","Tennessee",5689283,40233,410,2186,NA,9465,28172,237985,56344,154111,27530,707.2,7.2,38.4,NA,166.4,495.2,4183,990.4,2708.8,483.9,NA,2000
"197","Texas",20851820,113653,1238,7856,NA,30257,74302,919658,188975,637522,93161,545.1,5.9,37.7,NA,145.1,356.3,4410.4,906.3,3057.4,446.8,NA,2000
"198","Utah",2233169,5711,43,863,NA,1242,3563,94247,14348,73438,6461,255.7,1.9,38.6,NA,55.6,159.5,4220.3,642.5,3288.5,289.3,NA,2000
"199","Vermont",608827,691,9,140,NA,117,425,17494,3501,13184,809,113.5,1.5,23,NA,19.2,69.8,2873.4,575,2165.5,132.9,NA,2000
"200","Virginia",7078515,19943,401,1616,NA,6295,11631,194405,30434,146158,17813,281.7,5.7,22.8,NA,88.9,164.3,2746.4,429.9,2064.8,251.6,NA,2000
"201","Washington",5894121,21788,196,2737,NA,5812,13043,279144,53476,190650,35018,369.7,3.3,46.4,NA,98.6,221.3,4736,907.3,3234.6,594.1,NA,2000
"202","West Virginia",1808344,5723,46,331,NA,749,4597,41344,9890,28139,3315,316.5,2.5,18.3,NA,41.4,254.2,2286.3,546.9,1556.1,183.3,NA,2000
"203","Wisconsin",5363675,12700,169,1165,NA,4537,6829,159424,25183,119605,14636,236.8,3.2,21.7,NA,84.6,127.3,2972.3,469.5,2229.9,272.9,NA,2000
"204","Wyoming",493782,1316,12,160,NA,70,1074,14969,2078,12318,573,266.5,2.4,32.4,NA,14.2,217.5,3031.5,420.8,2494.6,116,NA,2000
"205","Alabama",4478896,19931,303,1664,NA,5962,12002,180400,42578,123932,13890,445,6.8,37.2,NA,133.1,268,4027.8,950.6,2767,310.1,NA,2002
"206","Alaska",641482,3627,33,511,NA,489,2594,24118,3908,17739,2471,565.4,5.1,79.7,NA,76.2,404.4,3759.7,609.2,2765.3,385.2,NA,2002
"207","Arizona",5441125,30171,387,1608,NA,8000,20176,318296,59087,201541,57668,554.5,7.1,29.6,NA,147,370.8,5849.8,1085.9,3704,1059.9,NA,2002
"208","Arkansas",2706268,11501,142,754,NA,2524,8081,101171,23229,71129,6813,425,5.2,27.9,NA,93.3,298.6,3738.4,858.3,2628.3,251.7,NA,2002
"209","California",35001986,208388,2395,10198,NA,64968,130827,1176484,238428,715692,222364,595.4,6.8,29.1,NA,185.6,373.8,3361.2,681.2,2044.7,635.3,NA,2002
"210","Colorado",4501051,15882,179,2066,NA,3579,10058,180054,31678,125193,23183,352.9,4,45.9,NA,79.5,223.5,4000.3,703.8,2781.4,515.1,NA,2002
"211","Connecticut",3458587,10807,84,740,NA,4069,5914,93426,17111,64735,11580,312.5,2.4,21.4,NA,117.6,171,2701.3,494.7,1871.7,334.8,NA,2002
"212","Delaware",805945,4836,26,358,NA,1154,3298,26967,5355,18555,3057,600,3.2,44.4,NA,143.2,409.2,3346,664.4,2302.3,379.3,NA,2002
"213","District of Columbia",569157,9322,264,262,NA,3834,4962,36477,5170,21708,9599,1637.9,46.4,46,NA,673.6,871.8,6409,908.4,3814.1,1686.5,NA,2002
"214","Florida",16691701,128721,911,6753,NA,32581,88476,777236,177242,511478,88516,771.2,5.5,40.5,NA,195.2,530.1,4656.4,1061.9,3064.3,530.3,NA,2002
"215","Georgia",8544005,39271,606,2108,NA,13432,23125,346559,73932,234591,38036,459.6,7.1,24.7,NA,157.2,270.7,4056.2,865.3,2745.7,445.2,NA,2002
"216","Hawaii",1240663,3262,24,372,NA,1210,1656,71976,12722,49344,9910,262.9,1.9,30,NA,97.5,133.5,5801.4,1025.4,3977.2,798.8,NA,2002
"217","Idaho",1343124,3419,36,497,NA,240,2646,39128,7441,29060,2627,254.6,2.7,37,NA,17.9,197,2913.2,554,2163.6,195.6,NA,2002
"218","Illinois",12586447,75759,961,4370,NA,25314,45114,430479,81440,304227,44812,601.9,7.6,34.7,NA,201.1,358.4,3420.2,647,2417.1,356,NA,2002
"219","Indiana",6156913,22001,362,1843,NA,6612,13184,208965,42605,146073,20287,357.3,5.9,29.9,NA,107.4,214.1,3394,692,2372.5,329.5,NA,2002
"220","Iowa",2935840,8388,44,797,NA,1169,6378,92877,18643,68411,5823,285.7,1.5,27.1,NA,39.8,217.2,3163.6,635,2330.2,198.3,NA,2002
"221","Kansas",2711769,10229,78,1035,NA,2165,6951,100768,19679,73877,7212,377.2,2.9,38.2,NA,79.8,256.3,3716,725.7,2724.3,266,NA,2002
"222","Kentucky",4089822,11101,191,1087,NA,3131,6692,108590,26891,72378,9321,271.4,4.7,26.6,NA,76.6,163.6,2655.1,657.5,1769.7,227.9,NA,2002
"223","Louisiana",4476192,29690,593,1529,NA,7123,20445,198838,45350,133302,20186,663.3,13.2,34.2,NA,159.1,456.7,4442.1,1013.1,2978,451,NA,2002
"224","Maine",1294894,1396,14,377,NA,270,735,32985,6965,24591,1429,107.8,1.1,29.1,NA,20.9,56.8,2547.3,537.9,1899.1,110.4,NA,2002
"225","Maryland",5450525,42015,513,1370,NA,13417,26715,217105,39765,143320,34020,770.8,9.4,25.1,NA,246.2,490.1,3983.2,729.6,2629.5,624.2,NA,2002
"226","Massachusetts",6421800,31137,173,1777,NA,7169,22018,167753,33243,107922,26588,484.9,2.7,27.7,NA,111.6,342.9,2612.2,517.7,1680.6,414,NA,2002
"227","Michigan",10043221,54306,678,5364,NA,11847,36417,335060,70970,214367,49723,540.7,6.8,53.4,NA,118,362.6,3336.2,706.6,2134.4,495.1,NA,2002
"228","Minnesota",5024791,13428,112,2273,NA,3937,7106,164026,28034,122150,13842,267.2,2.2,45.2,NA,78.4,141.4,3264.3,557.9,2430.9,275.5,NA,2002
"229","Mississippi",2866733,9858,264,1127,NA,3356,5111,109584,29593,70468,9523,343.9,9.2,39.3,NA,117.1,178.3,3822.6,1032.3,2458.1,332.2,NA,2002
"230","Missouri",5669544,30557,331,1465,NA,7024,21737,230520,42721,159921,27878,539,5.8,25.8,NA,123.9,383.4,4065.9,753.5,2820.7,491.7,NA,2002
"231","Montana",910372,3197,16,237,NA,283,2661,28751,3289,23679,1783,351.2,1.8,26,NA,31.1,292.3,3158.2,361.3,2601,195.9,NA,2002
"232","Nebraska",1727564,5428,48,464,NA,1359,3557,68178,10329,51440,6409,314.2,2.8,26.9,NA,78.7,205.9,3946.5,597.9,2977.6,371,NA,2002
"233","Nevada",2167455,13856,181,928,NA,5118,7629,83896,18951,47459,17486,639.3,8.4,42.8,NA,236.1,352,3870.7,874.3,2189.6,806.8,NA,2002
"234","New Hampshire",1274405,2056,12,446,NA,413,1185,26250,4838,19468,1944,161.3,0.9,35,NA,32.4,93,2059.8,379.6,1527.6,152.5,NA,2002
"235","New Jersey",8575252,32252,339,1365,NA,13955,16593,227715,43899,148061,35755,376.1,4,15.9,NA,162.7,193.5,2655.5,511.9,1726.6,417,NA,2002
"236","New Mexico",1852044,13719,152,1027,NA,2206,10334,80477,19634,53406,7437,740.7,8.2,55.5,NA,119.1,558,4345.3,1060.1,2883.6,401.6,NA,2002
"237","New York",19134293,95030,909,3885,NA,36653,53583,442091,76700,318025,47366,496.6,4.8,20.3,NA,191.6,280,2310.5,400.9,1662.1,247.5,NA,2002
"238","North Carolina",8305820,39118,548,2196,NA,12205,24169,353708,99535,229307,24866,471,6.6,26.4,NA,146.9,291,4258.6,1198.4,2760.8,299.4,NA,2002
"239","North Dakota",633911,496,5,163,NA,58,270,14762,2243,11501,1018,78.2,0.8,25.7,NA,9.1,42.6,2328.7,353.8,1814.3,160.6,NA,2002
"240","Ohio",11408699,40128,526,4809,NA,17871,16922,428976,99164,287045,42767,351.7,4.6,42.2,NA,156.6,148.3,3760.1,869.2,2516,374.9,NA,2002
"241","Oklahoma",3489700,17587,163,1573,NA,2966,12885,148128,35171,100185,12772,504,4.7,45.1,NA,85,369.2,4244.7,1007.9,2870.9,366,NA,2002
"242","Oregon",3520355,10298,72,1238,NA,2742,6246,161145,25696,118925,16524,292.5,2,35.2,NA,77.9,177.4,4577.5,729.9,3378.2,469.4,NA,2002
"243","Pennsylvania",12328827,49578,624,3731,NA,17163,28060,300868,55610,212441,32817,402.1,5.1,30.3,NA,139.2,227.6,2440.4,451.1,1723.1,266.2,NA,2002
"244","Rhode Island",1068326,3051,41,395,NA,916,1699,35342,6415,24051,4876,285.6,3.8,37,NA,85.7,159,3308.2,600.5,2251.3,456.4,NA,2002
"245","South Carolina",4103770,33761,298,1959,NA,5774,25730,183808,43745,123196,16867,822.7,7.3,47.7,NA,140.7,627,4479,1066,3002,411,NA,2002
"246","South Dakota",760437,1350,11,361,NA,117,861,15992,3034,12139,819,177.5,1.4,47.5,NA,15.4,113.2,2103,399,1596.3,107.7,NA,2002
"247","Tennessee",5789796,41562,420,2290,NA,9413,29439,249399,61248,161610,26541,717.8,7.3,39.6,NA,162.6,508.5,4307.6,1057.9,2791.3,458.4,NA,2002
"248","Texas",21736925,126018,1302,8508,NA,37580,78628,1004274,212602,688992,102680,579.7,6,39.1,NA,172.9,361.7,4620.1,978.1,3169.7,472.4,NA,2002
"249","Utah",2318789,5488,47,943,NA,1140,3358,97641,15124,74795,7722,236.7,2,40.7,NA,49.2,144.8,4210.9,652.2,3225.6,333,NA,2002
"250","Vermont",616408,658,13,126,NA,77,442,14942,3489,10684,769,106.7,2.1,20.4,NA,12.5,71.7,2424,566,1733.3,124.8,NA,2002
"251","Virginia",7287829,21256,388,1839,NA,6961,12068,207783,31757,157548,18478,291.7,5.3,25.2,NA,95.5,165.6,2851.1,435.8,2161.8,253.5,NA,2002
"252","Washington",6067060,20964,184,2734,NA,5797,12249,288967,54948,193526,40493,345.5,3,45.1,NA,95.5,201.9,4762.9,905.7,3189.8,667.4,NA,2002
"253","West Virginia",1804884,4221,57,328,NA,657,3179,41099,9677,27524,3898,233.9,3.2,18.2,NA,36.4,176.1,2277.1,536.2,1525,216,NA,2002
"254","Wisconsin",5439692,12238,154,1237,NA,4713,6134,164749,27926,123365,13458,225,2.8,22.7,NA,86.6,112.8,3028.6,513.4,2267.9,247.4,NA,2002
"255","Wyoming",498830,1364,15,148,NA,93,1108,16494,2448,13303,743,273.4,3,29.7,NA,18.6,222.1,3306.5,490.7,2666.8,148.9,NA,2002
"256","Alabama",4525375,19324,254,1742,NA,6042,11286,182340,44666,123650,14024,427,5.6,38.5,NA,133.5,249.4,4029.3,987,2732.4,309.9,NA,2004
"257","Alaska",657755,4159,37,558,NA,447,3117,22172,3773,16159,2240,632.3,5.6,84.8,NA,68,473.9,3370.9,573.6,2456.7,340.6,NA,2004
"258","Arizona",5739879,28952,414,1896,NA,7721,18921,291203,56885,179012,55306,504.4,7.2,33,NA,134.5,329.6,5073.3,991,3118.7,963.5,NA,2004
"259","Arkansas",2750000,13814,176,1183,NA,2372,10083,110911,30151,74242,6518,502.3,6.4,43,NA,86.3,366.7,4033.1,1096.4,2699.7,237,NA,2004
"260","California",35842038,189175,2392,9615,NA,61768,115400,1227194,245903,728687,252604,527.8,6.7,26.8,NA,172.3,322,3423.9,686.1,2033.1,704.8,NA,2004
"261","Colorado",4601821,17121,201,1945,NA,3739,11236,180322,33010,123308,24004,372,4.4,42.3,NA,81.3,244.2,3918.5,717.3,2679.5,521.6,NA,2004
"262","Connecticut",3498966,10113,100,755,NA,4188,5070,93942,15959,66770,11213,289,2.9,21.6,NA,119.7,144.9,2684.9,456.1,1908.3,320.5,NA,2004
"263","Delaware",830069,5105,28,357,NA,1343,3377,27256,5669,19285,2302,615,3.4,43,NA,161.8,406.8,3283.6,683,2323.3,277.3,NA,2004
"264","District of Columbia",554239,7590,198,222,NA,3202,3968,26896,3946,14542,8408,1369.4,35.7,40.1,NA,577.7,715.9,4852.8,712,2623.8,1517,NA,2004
"265","Florida",17385430,123754,946,6612,NA,29997,86199,727141,166332,482484,78325,711.8,5.4,38,NA,172.5,495.8,4182.5,956.7,2775.2,450.5,NA,2004
"266","Georgia",8918129,40217,613,2387,NA,13656,23561,376656,82992,249426,44238,451,6.9,26.8,NA,153.1,264.2,4223.5,930.6,2796.8,496,NA,2004
"267","Hawaii",1262124,3213,33,333,NA,944,1903,60525,10827,41078,8620,254.6,2.6,26.4,NA,74.8,150.8,4795.5,857.8,3254.7,683,NA,2004
"268","Idaho",1395140,3452,31,594,NA,241,2586,38799,7671,28389,2739,247.4,2.2,42.6,NA,17.3,185.4,2781,549.8,2034.8,196.3,NA,2004
"269","Illinois",12712016,69365,780,4220,NA,22582,41783,403486,76088,287025,40373,545.7,6.1,33.2,NA,177.6,328.7,3174.1,598.6,2257.9,317.6,NA,2004
"270","Indiana",6226537,20294,316,1803,NA,6373,11802,211929,42168,148670,21091,325.9,5.1,29,NA,102.4,189.5,3403.6,677.2,2387.7,338.7,NA,2004
"271","Iowa",2952904,8499,44,782,NA,1160,6513,85775,17928,62214,5633,287.8,1.5,26.5,NA,39.3,220.6,2904.8,607.1,2106.9,190.8,NA,2004
"272","Kansas",2733697,10330,122,1142,NA,1812,7254,109771,20146,81115,8510,377.9,4.5,41.8,NA,66.3,265.4,4015.5,737,2967.2,311.3,NA,2004
"273","Kentucky",4141835,10152,236,1238,NA,3268,5410,105209,25902,70535,8772,245.1,5.7,29.9,NA,78.9,130.6,2540.2,625.4,1703,211.8,NA,2004
"274","Louisiana",4506685,28844,574,1616,NA,6564,20090,199153,45359,134080,19714,640,12.7,35.9,NA,145.7,445.8,4419.1,1006.5,2975.1,437.4,NA,2004
"275","Maine",1314985,1364,18,315,NA,289,742,31740,6341,24096,1303,103.7,1.4,24,NA,22,56.4,2413.7,482.2,1832.4,99.1,NA,2004
"276","Maryland",5561332,38961,521,1317,NA,12772,24351,202474,36704,129888,35882,700.6,9.4,23.7,NA,229.7,437.9,3640.7,660,2335.6,645.2,NA,2004
"277","Massachusetts",6407382,29489,171,1794,NA,7484,20040,158150,34497,101605,22048,460.2,2.7,28,NA,116.8,312.8,2468.2,538.4,1585.7,344.1,NA,2004
"278","Michigan",10104206,49737,643,5482,NA,11336,32276,309805,64233,194988,50584,492.2,6.4,54.3,NA,112.2,319.4,3066.1,635.7,1929.8,500.6,NA,2004
"279","Minnesota",5096546,13751,113,2123,NA,4070,7445,155019,28048,113453,13518,269.8,2.2,41.7,NA,79.9,146.1,3041.6,550.3,2226.1,265.2,NA,2004
"280","Mississippi",2900768,8568,227,1161,NA,2503,4677,100980,27661,65440,7879,295.4,7.8,40,NA,86.3,161.2,3481.1,953.6,2256,271.6,NA,2004
"281","Missouri",5759532,28226,354,1479,NA,6630,19763,224629,40472,158264,25893,490.1,6.1,25.7,NA,115.1,343.1,3900.1,702.7,2747.9,449.6,NA,2004
"282","Montana",926920,2723,30,273,NA,233,2187,27215,3515,22082,1618,293.8,3.2,29.5,NA,25.1,235.9,2936.1,379.2,2382.3,174.6,NA,2004
"283","Nebraska",1747704,5393,40,620,NA,1138,3595,61512,9826,46399,5287,308.6,2.3,35.5,NA,65.1,205.7,3519.6,562.2,2654.9,302.5,NA,2004
"284","Nevada",2332898,14379,172,954,NA,4905,8348,98215,23142,52438,22635,616.4,7.4,40.9,NA,210.3,357.8,4210,992,2247.8,970.3,NA,2004
"285","New Hampshire",1299169,2202,17,466,NA,500,1219,26658,4979,19723,1956,169.5,1.3,35.9,NA,38.5,93.8,2051.9,383.2,1518.1,150.6,NA,2004
"286","New Jersey",8685166,30943,392,1331,NA,13076,16144,211313,41030,139977,30306,356.3,4.5,15.3,NA,150.6,185.9,2433,472.4,1611.7,348.9,NA,2004
"287","New Mexico",1903006,13081,169,1039,NA,2062,9811,79895,19924,52069,7902,687.4,8.9,54.6,NA,108.4,515.6,4198.4,1047,2736.1,415.2,NA,2004
"288","New York",19280727,84914,889,3608,NA,33506,46911,422734,70696,311036,41002,440.4,4.6,18.7,NA,173.8,243.3,2192.5,366.7,1613.2,212.7,NA,2004
"289","North Carolina",8540468,38244,532,2339,NA,11782,23591,355328,101193,227147,26988,447.8,6.2,27.4,NA,138,276.2,4160.5,1184.9,2659.7,316,NA,2004
"290","North Dakota",636308,558,8,177,NA,43,330,12493,2040,9516,937,87.7,1.3,27.8,NA,6.8,51.9,1963.4,320.6,1495.5,147.3,NA,2004
"291","Ohio",11450143,38787,506,4744,NA,17429,16108,419337,96518,282168,40651,338.7,4.4,41.4,NA,152.2,140.7,3662.3,842.9,2464.3,355,NA,2004
"292","Oklahoma",3523546,17635,186,1557,NA,3090,12802,149472,35244,101271,12957,500.5,5.3,44.2,NA,87.7,363.3,4242.1,1000.2,2874.1,367.7,NA,2004
"293","Oregon",3591363,10724,90,1283,NA,2751,6600,166475,30072,117868,18535,298.6,2.5,35.7,NA,76.6,183.8,4635.4,837.3,3282,516.1,NA,2004
"294","Pennsylvania",12394471,50998,650,3535,NA,18474,28339,299611,54443,214199,30969,411.5,5.2,28.5,NA,149.1,228.6,2417.3,439.3,1728.2,249.9,NA,2004
"295","Rhode Island",1079916,2673,26,320,NA,731,1596,31166,5465,21623,4078,247.5,2.4,29.6,NA,67.7,147.8,2886,506.1,2002.3,377.6,NA,2004
"296","South Carolina",4197892,33160,286,1772,NA,5468,25634,190456,43739,130991,15726,789.9,6.8,42.2,NA,130.3,610.6,4536.9,1041.9,3120.4,374.6,NA,2004
"297","South Dakota",770621,1319,17,336,NA,112,854,14885,3148,10890,847,171.2,2.2,43.6,NA,14.5,110.8,1931.6,408.5,1413.1,109.9,NA,2004
"298","Tennessee",5893298,41113,357,2282,NA,8863,29611,254991,60386,169828,24777,697.6,6.1,38.7,NA,150.4,502.5,4326.8,1024.7,2881.7,420.4,NA,2004
"299","Texas",22471549,121554,1364,8388,NA,35817,75985,1010702,220118,696507,94077,540.9,6.1,37.3,NA,159.4,338.1,4497.7,979.5,3099.5,418.6,NA,2004
"300","Utah",2420708,5647,46,967,NA,1236,3398,97762,15225,74889,7648,233.3,1.9,39.9,NA,51.1,140.4,4038.6,628.9,3093.7,315.9,NA,2004
"301","Vermont",621233,713,16,160,NA,78,459,14559,3435,10537,587,114.8,2.6,25.8,NA,12.6,73.9,2343.6,552.9,1696.1,94.5,NA,2004
"302","Virginia",7481332,20608,390,1816,NA,6899,11503,200368,28759,154154,17455,275.5,5.2,24.3,NA,92.2,153.8,2678.2,384.4,2060.5,233.3,NA,2004
"303","Washington",6207046,21330,190,2857,NA,5866,12417,300837,60632,196972,43233,343.6,3.1,46,NA,94.5,200,4846.7,976.8,3173.4,696.5,NA,2004
"304","West Virginia",1812548,5110,68,346,NA,774,3922,46326,10994,31566,3766,281.9,3.8,19.1,NA,42.7,216.4,2555.8,606.5,1741.5,207.8,NA,2004
"305","Wisconsin",5503533,11548,154,1136,NA,4067,6191,146710,23854,111482,11374,209.8,2.8,20.6,NA,73.9,112.5,2665.7,433.4,2025.6,206.7,NA,2004
"306","Wyoming",505887,1163,11,112,NA,67,973,16889,2738,13352,799,229.9,2.2,22.1,NA,13.2,192.3,3338.5,541.2,2639.3,157.9,NA,2004
"307","Alabama",4599030,19553,382,1646,NA,7062,10463,181249,44780,121451,15018,425.2,8.3,35.8,NA,153.6,227.5,3941,973.7,2640.8,326.5,NA,2006
"308","Alaska",670053,4610,36,512,NA,600,3462,23975,4155,17284,2536,688,5.4,76.4,NA,89.5,516.7,3578.1,620.1,2579.5,378.5,NA,2006
"309","Arizona",6166318,33456,533,2449,NA,9491,20983,294389,59418,178321,56650,542.6,8.6,39.7,NA,153.9,340.3,4774.1,963.6,2891.9,918.7,NA,2006
"310","Arkansas",2810872,15538,205,1325,NA,2749,11259,112025,31864,72646,7515,552.8,7.3,47.1,NA,97.8,400.6,3985.4,1133.6,2584.5,267.4,NA,2006
"311","California",36457549,194483,2486,9235,NA,71142,111620,1159988,247230,669103,243655,533.5,6.8,25.3,NA,195.1,306.2,3181.7,678.1,1835.3,668.3,NA,2006
"312","Colorado",4753377,18794,171,2158,NA,3824,12641,163439,32411,110372,20656,395.4,3.6,45.4,NA,80.4,265.9,3438.4,681.9,2322,434.6,NA,2006
"313","Connecticut",3504809,10505,137,696,NA,4460,5212,90638,15583,64765,10290,299.7,3.9,19.9,NA,127.3,148.7,2586.1,444.6,1847.9,293.6,NA,2006
"314","Delaware",853476,5983,42,417,NA,1791,3733,29670,6337,20449,2884,701,4.9,48.9,NA,209.8,437.4,3476.4,742.5,2396,337.9,NA,2006
"315","District of Columbia",581530,8772,169,185,NA,3829,4589,27064,3835,15908,7321,1508.4,29.1,31.8,NA,658.4,789.1,4653.9,659.5,2735.5,1258.9,NA,2006
"316","Florida",18089888,129602,1129,6475,NA,34147,87851,721101,170873,473774,76454,716.4,6.2,35.8,NA,188.8,485.6,3986.2,944.6,2619,422.6,NA,2006
"317","Georgia",9363941,44754,605,2169,NA,15511,26469,362712,85140,234445,43127,477.9,6.5,23.2,NA,165.6,282.7,3873.5,909.2,2503.7,460.6,NA,2006
"318","Hawaii",1285498,3608,21,353,NA,1144,2090,54247,8724,37784,7739,280.7,1.6,27.5,NA,89,162.6,4219.9,678.6,2939.3,602,NA,2006
"319","Idaho",1466465,3666,35,611,NA,294,2726,35135,7545,25154,2436,250,2.4,41.7,NA,20,185.9,2395.9,514.5,1715.3,166.1,NA,2006
"320","Illinois",12831970,69498,780,4078,NA,23782,40858,387478,77259,272578,37641,541.6,6.1,31.8,NA,185.3,318.4,3019.6,602.1,2124.2,293.3,NA,2006
"321","Indiana",6313520,20303,361,1811,NA,7175,10956,217783,45538,150655,21590,321.6,5.7,28.7,NA,113.6,173.5,3449.5,721.3,2386.2,342,NA,2006
"322","Iowa",2982085,8521,55,871,NA,1309,6286,84202,18160,60998,5044,285.7,1.8,29.2,NA,43.9,210.8,2823.6,609,2045.5,169.1,NA,2006
"323","Kansas",2764075,11960,125,1279,NA,1878,8678,104260,20086,75450,8724,432.7,4.5,46.3,NA,67.9,314,3772,726.7,2729.7,315.6,NA,2006
"324","Kentucky",4206074,11361,173,1312,NA,3850,6026,109428,27867,72197,9364,270.1,4.1,31.2,NA,91.5,143.3,2601.7,662.5,1716.5,222.6,NA,2006
"325","Louisiana",4287768,30923,555,1587,NA,5928,22853,174975,46703,112605,15667,721.2,12.9,37,NA,138.3,533,4080.8,1089.2,2626.2,365.4,NA,2006
"326","Maine",1321574,1533,23,341,NA,383,786,33658,6846,25465,1347,116,1.7,25.8,NA,29,59.5,2546.8,518,1926.9,101.9,NA,2006
"327","Maryland",5615727,38111,546,1178,NA,14376,22011,195484,37459,127502,30523,678.6,9.7,21,NA,256,392,3481,667,2270.4,543.5,NA,2006
"328","Massachusetts",6437193,32217,188,1771,NA,8080,22178,153943,35243,100725,17975,500.5,2.9,27.5,NA,125.5,344.5,2391.5,547.5,1564.7,279.2,NA,2006
"329","Michigan",10095643,56981,721,5347,NA,14229,36684,325594,76313,199183,50098,564.4,7.1,53,NA,140.9,363.4,3225.1,755.9,1973,496.2,NA,2006
"330","Minnesota",5167101,16042,126,1645,NA,5441,8830,159276,30306,115693,13277,310.5,2.4,31.8,NA,105.3,170.9,3082.5,586.5,2239,257,NA,2006
"331","Mississippi",2910540,9076,231,1039,NA,3259,4547,92853,27117,57406,8330,311.8,7.9,35.7,NA,112,156.2,3190.2,931.7,1972.3,286.2,NA,2006
"332","Missouri",5842713,31897,369,1764,NA,7597,22167,224007,44734,153874,25399,545.9,6.3,30.2,NA,130,379.4,3834,765.6,2633.6,434.7,NA,2006
"333","Montana",944632,3564,33,348,NA,233,2950,26986,3380,21659,1947,377.3,3.5,36.8,NA,24.7,312.3,2856.8,357.8,2292.9,206.1,NA,2006
"334","Nebraska",1768331,5197,51,577,NA,1136,3433,59411,9535,44710,5166,293.9,2.9,32.6,NA,64.2,194.1,3359.7,539.2,2528.4,292.1,NA,2006
"335","Nevada",2495529,18687,226,1092,NA,7038,10331,102338,24902,50429,27007,748.8,9.1,43.8,NA,282,414,4100.9,997.9,2020.8,1082.2,NA,2006
"336","New Hampshire",1314895,1785,13,295,NA,435,1042,26060,4395,20179,1486,138.8,1,22.4,NA,33.1,79.2,1981.9,334.2,1534.6,113,NA,2006
"337","New Jersey",8724560,30550,427,1201,NA,13360,15562,198820,39384,134687,24749,350.2,4.9,13.8,NA,153.1,178.4,2278.9,451.4,1543.8,283.7,NA,2006
"338","New Mexico",1954599,12797,134,1073,NA,2095,9495,76000,20906,45864,9230,654.7,6.9,54.9,NA,107.2,485.8,3888.3,1069.6,2346.5,472.2,NA,2006
"339","New York",19306183,84016,922,3168,NA,34459,45467,398577,68617,297827,32133,435.2,4.8,16.4,NA,178.5,235.5,2064.5,355.4,1542.7,166.4,NA,2006
"340","North Carolina",8856505,42088,539,2495,NA,13468,25586,364549,107333,227114,30102,475.2,6.1,28.2,NA,152.1,288.9,4116.2,1211.9,2564.4,339.9,NA,2006
"341","North Dakota",635867,1255,14,241,NA,75,925,13359,2601,9672,1086,197.4,2.2,37.9,NA,11.8,145.5,2100.9,409,1521.1,170.8,NA,2006
"342","Ohio",11478006,41491,560,4770,NA,19418,16743,423334,105639,279718,37977,361.5,4.9,41.6,NA,169.2,145.9,3688.2,920.4,2437,330.9,NA,2006
"343","Oklahoma",3579212,17905,210,1488,NA,3145,13062,129728,34437,81853,13438,500.2,5.9,41.6,NA,87.9,364.9,3624.5,962.1,2286.9,375.4,NA,2006
"344","Oregon",3700758,10534,88,1219,NA,2711,6516,137858,24324,98897,14637,284.6,2.4,32.9,NA,73.3,176.1,3725.1,657.3,2672.3,395.5,NA,2006
"345","Pennsylvania",12440621,55028,741,3611,NA,21095,29581,304589,57739,217142,29708,442.3,6,29,NA,169.6,237.8,2448.3,464.1,1745.4,238.8,NA,2006
"346","Rhode Island",1067610,2460,27,289,NA,740,1404,27914,5453,18852,3609,230.4,2.5,27.1,NA,69.3,131.5,2614.6,510.8,1765.8,338,NA,2006
"347","South Carolina",4321249,33322,362,1834,NA,5902,25224,184712,42952,125075,16685,771.1,8.4,42.4,NA,136.6,583.7,4274.5,994,2894.4,386.1,NA,2006
"348","South Dakota",781919,2071,30,465,NA,158,1418,13812,3024,9954,834,264.9,3.8,59.5,NA,20.2,181.3,1766.4,386.7,1273,106.7,NA,2006
"349","Tennessee",6038803,46043,419,2194,NA,11143,32287,249860,63024,164183,22653,762.5,6.9,36.3,NA,184.5,534.7,4137.6,1043.7,2718.8,375.1,NA,2006
"350","Texas",23507783,121602,1386,8429,NA,37256,74531,959846,215710,648711,95425,517.3,5.9,35.9,NA,158.5,317,4083.1,917.6,2759.6,405.9,NA,2006
"351","Utah",2550063,5771,51,891,NA,1242,3587,89572,14721,66480,8371,226.3,2,34.9,NA,48.7,140.7,3512.5,577.3,2607,328.3,NA,2006
"352","Vermont",623908,905,14,173,NA,114,604,14920,3443,10857,620,145.1,2.2,27.7,NA,18.3,96.8,2391.4,551.8,1740.2,99.4,NA,2006
"353","Virginia",7642884,21683,403,1829,NA,7779,11672,190257,32166,143292,14799,283.7,5.3,23.9,NA,101.8,152.7,2489.3,420.9,1874.8,193.6,NA,2006
"354","Washington",6395798,22303,197,2748,NA,6424,12934,288456,58843,183179,46434,348.7,3.1,43,NA,100.4,202.2,4510.1,920,2864.1,726,NA,2006
"355","West Virginia",1818470,5113,80,404,NA,853,3776,47941,11579,32305,4057,281.2,4.4,22.2,NA,46.9,207.6,2636.3,636.7,1776.5,223.1,NA,2006
"356","Wisconsin",5556506,15899,165,1233,NA,5564,8937,156748,27038,115682,14028,286.1,3,22.2,NA,100.1,160.8,2821,486.6,2081.9,252.5,NA,2006
"357","Wyoming",515004,1307,13,151,NA,72,1071,15381,2322,12255,804,253.8,2.5,29.3,NA,14,208,2986.6,450.9,2379.6,156.1,NA,2006
"358","Alabama",4661900,21110,351,1618,NA,7346,11795,190416,50411,126539,13466,452.8,7.5,34.7,NA,157.6,253,4084.5,1081.3,2714.3,288.9,NA,2008
"359","Alaska",686293,4475,27,447,NA,645,3356,20090,3237,15225,1628,652.1,3.9,65.1,NA,94,489,2927.3,471.7,2218.4,237.2,NA,2008
"360","Arizona",6500180,31567,462,2200,NA,9809,19096,266653,58606,169460,38587,485.6,7.1,33.8,NA,150.9,293.8,4102.2,901.6,2607,593.6,NA,2008
"361","Arkansas",2855390,14649,165,1463,NA,2777,10244,110360,33912,69905,6543,513,5.8,51.2,NA,97.3,358.8,3865,1187.6,2448.2,229.1,NA,2008
"362","California",36756666,185329,2142,8903,NA,69388,104896,1080996,237811,650656,192529,504.2,5.8,24.2,NA,188.8,285.4,2941,647,1770.2,523.8,NA,2008
"363","Colorado",4939456,17480,165,2151,NA,3404,11760,139340,28054,97937,13349,353.9,3.3,43.5,NA,68.9,238.1,2821,568,1982.7,270.3,NA,2008
"364","Connecticut",3501252,10737,132,680,NA,4043,5882,87210,15107,63212,8891,306.7,3.8,19.4,NA,115.5,168,2490.8,431.5,1805.4,253.9,NA,2008
"365","Delaware",873092,6187,57,371,NA,1847,3912,31385,6783,22045,2557,708.6,6.5,42.5,NA,211.5,448.1,3594.7,776.9,2524.9,292.9,NA,2008
"366","District of Columbia",591833,8509,186,186,NA,4430,3707,30211,3788,19958,6465,1437.7,31.4,31.4,NA,748.5,626.4,5104.6,640,3372.2,1092.4,NA,2008
"367","Florida",18328340,126256,1168,5972,NA,36268,82848,758889,188472,506902,63515,688.9,6.4,32.6,NA,197.9,452,4140.5,1028.3,2765.7,346.5,NA,2008
"368","Georgia",9685744,47353,640,2334,NA,17808,26571,387917,100564,247709,39644,488.9,6.6,24.1,NA,183.9,274.3,4005,1038.3,2557.5,409.3,NA,2008
"369","Hawaii",1288198,3510,26,363,NA,1085,2036,45944,9404,31424,5116,272.5,2,28.2,NA,84.2,158.1,3566.5,730,2439.4,397.1,NA,2008
"370","Idaho",1523816,3680,23,579,NA,239,2839,31940,6748,23532,1660,241.5,1.5,38,NA,15.7,186.3,2096.1,442.8,1544.3,108.9,NA,2008
"371","Illinois",12901563,67780,790,4118,NA,24054,38818,378355,78968,266815,32572,525.4,6.1,31.9,NA,186.4,300.9,2932.6,612.1,2068.1,252.5,NA,2008
"372","Indiana",6376792,21525,322,1711,NA,7580,11912,213639,48805,147334,17500,337.6,5,26.8,NA,118.9,186.8,3350.3,765.4,2310.5,274.4,NA,2008
"373","Iowa",3002555,8651,77,937,NA,1249,6388,73273,16598,52299,4376,288.1,2.6,31.2,NA,41.6,212.8,2440.4,552.8,1741.8,145.7,NA,2008
"374","Kansas",2802134,11554,113,1226,NA,1681,8534,94882,19651,67826,7405,412.3,4,43.8,NA,60,304.6,3386.1,701.3,2420.5,264.3,NA,2008
"375","Kentucky",4269245,12690,201,1457,NA,4080,6952,114492,29556,77279,7657,297.2,4.7,34.1,NA,95.6,162.8,2681.8,692.3,1810.1,179.4,NA,2008
"376","Louisiana",4410796,29613,544,1250,NA,6241,21578,171179,45524,112091,13564,671.4,12.3,28.3,NA,141.5,489.2,3880.9,1032.1,2541.3,307.5,NA,2008
"377","Maine",1316456,1572,31,379,NA,333,829,32433,6559,24695,1179,119.4,2.4,28.8,NA,25.3,63,2463.7,498.2,1875.9,89.6,NA,2008
"378","Maryland",5633597,35393,493,1127,NA,13203,20570,198165,38849,133983,25333,628.2,8.8,20,NA,234.4,365.1,3517.6,689.6,2378.3,449.7,NA,2008
"379","Massachusetts",6497967,30137,166,1751,NA,7077,21143,155919,36251,106913,12755,463.8,2.6,26.9,NA,108.9,325.4,2399.5,557.9,1645.3,196.3,NA,2008
"380","Michigan",10003422,51512,554,4507,NA,13246,33205,295100,74787,184558,35755,514.9,5.5,45.1,NA,132.4,331.9,2950,747.6,1844.9,357.4,NA,2008
"381","Minnesota",5220393,13853,110,1805,NA,4179,7759,149517,26558,112764,10195,265.4,2.1,34.6,NA,80.1,148.6,2864.1,508.7,2160.1,195.3,NA,2008
"382","Mississippi",2938618,8942,236,958,NA,3079,4669,85488,25506,53730,6252,304.3,8,32.6,NA,104.8,158.9,2909.1,868,1828.4,212.8,NA,2008
"383","Missouri",5911605,29701,456,1612,NA,7395,20238,216522,45763,150002,20757,502.4,7.7,27.3,NA,125.1,342.3,3662.7,774.1,2537.4,351.1,NA,2008
"384","Montana",967440,3013,40,358,NA,204,2411,26300,3689,20834,1777,311.4,4.1,37,NA,21.1,249.2,2718.5,381.3,2153.5,183.7,NA,2008
"385","Nebraska",1783432,5570,69,601,NA,1297,3603,51350,8731,38394,4225,312.3,3.9,33.7,NA,72.7,202,2879.3,489.6,2152.8,236.9,NA,2008
"386","Nevada",2600167,18973,165,1106,NA,6486,11216,90006,24254,49814,15938,729.7,6.3,42.5,NA,249.4,431.4,3461.5,932.8,1915.8,613,NA,2008
"387","New Hampshire",1315809,2054,14,385,NA,421,1234,28387,4266,22714,1407,156.1,1.1,29.3,NA,32,93.8,2157.4,324.2,1726.2,106.9,NA,2008
"388","New Jersey",8682661,28351,376,1122,NA,12701,14152,199127,40402,138545,20180,326.5,4.3,12.9,NA,146.3,163,2293.4,465.3,1595.7,232.4,NA,2008
"389","New Mexico",1984356,12967,161,1118,NA,2151,9537,75718,20706,46995,8017,653.5,8.1,56.3,NA,108.4,480.6,3815.7,1043.5,2368.3,404,NA,2008
"390","New York",19490297,77546,836,2798,NA,31787,42125,388599,65544,297962,25093,397.9,4.3,14.4,NA,163.1,216.1,1993.8,336.3,1528.8,128.7,NA,2008
"391","North Carolina",9222414,43125,599,2296,NA,14323,25907,372763,111556,234480,26727,467.6,6.5,24.9,NA,155.3,280.9,4041.9,1209.6,2542.5,289.8,NA,2008
"392","North Dakota",641481,1441,11,331,NA,73,1026,13029,2336,9782,911,224.6,1.7,51.6,NA,11.4,159.9,2031.1,364.2,1524.9,142,NA,2008
"393","Ohio",11485910,40436,547,4531,NA,18706,16652,391667,102428,260788,28451,352,4.8,39.4,NA,162.9,145,3410,891.8,2270.5,247.7,NA,2008
"394","Oklahoma",3642361,19359,215,1471,NA,3698,13975,126535,35247,80265,11023,531.5,5.9,40.4,NA,101.5,383.7,3474,967.7,2203.7,302.6,NA,2008
"395","Oregon",3790060,9909,87,1183,NA,2656,5983,125169,21115,92677,11377,261.4,2.3,31.2,NA,70.1,157.9,3302.6,557.1,2445.3,300.2,NA,2008
"396","Pennsylvania",12448279,51044,705,3485,NA,18873,27981,300294,58687,219115,22492,410,5.7,28,NA,151.6,224.8,2412.3,471.4,1760.2,180.7,NA,2008
"397","Rhode Island",1050788,2656,31,282,NA,880,1463,29895,5766,20926,3203,252.8,3,26.8,NA,83.7,139.2,2845,548.7,1991.5,304.8,NA,2008
"398","South Carolina",4479800,32746,307,1686,NA,6595,24158,189950,45964,126316,17670,731,6.9,37.6,NA,147.2,539.3,4240.1,1026,2819.7,394.4,NA,2008
"399","South Dakota",804194,2227,37,562,NA,134,1494,13867,2683,10266,918,276.9,4.6,69.9,NA,16.7,185.8,1724.3,333.6,1276.6,114.2,NA,2008
"400","Tennessee",6214888,44913,412,2078,NA,10804,31619,251089,65093,166793,19203,722.7,6.6,33.4,NA,173.8,508.8,4040.1,1047.4,2683.8,309,NA,2008
"401","Texas",24326974,123585,1370,8055,NA,37739,76421,969865,230046,654435,85384,508,5.6,33.1,NA,155.1,314.1,3986.8,945.6,2690.2,351,NA,2008
"402","Utah",2736424,6165,41,915,NA,1421,3788,92373,14766,70299,7308,225.3,1.5,33.4,NA,51.9,138.4,3375.7,539.6,2569,267.1,NA,2008
"403","Vermont",621270,854,17,133,NA,93,611,15903,3515,11802,586,137.5,2.7,21.4,NA,15,98.3,2559.8,565.8,1899.7,94.3,NA,2008
"404","Virginia",7769089,20031,370,1794,NA,7470,10397,196726,32188,151191,13347,257.8,4.8,23.1,NA,96.2,133.8,2532.2,414.3,1946.1,171.8,NA,2008
"405","Washington",6549224,21888,193,2653,NA,6419,12623,249283,53136,167013,29134,334.2,2.9,40.5,NA,98,192.7,3806.3,811.3,2550.1,444.8,NA,2008
"406","West Virginia",1814468,5006,67,389,NA,896,3654,45971,10840,31967,3164,275.9,3.7,21.4,NA,49.4,201.4,2533.6,597.4,1761.8,174.4,NA,2008
"407","Wisconsin",5627967,15507,146,1128,NA,5163,9070,155456,27459,116456,11541,275.5,2.6,20,NA,91.7,161.2,2762.2,487.9,2069.2,205.1,NA,2008
"408","Wyoming",532668,1330,12,185,NA,87,1046,14515,2198,11584,733,249.7,2.3,34.7,NA,16.3,196.4,2725,412.6,2174.7,137.6,NA,2008
"409","Alabama",4785401,18363,275,1355,NA,4864,11869,168828,42484,115564,10780,383.7,5.7,28.3,NA,101.6,248,3528,887.8,2414.9,225.3,NA,2010
"410","Alaska",714146,4537,31,533,NA,594,3379,20259,3105,15535,1619,635.3,4.3,74.6,NA,83.2,473.2,2836.8,434.8,2175.3,226.7,NA,2010
"411","Arizona",6413158,26528,408,2191,NA,6953,16976,226802,50932,154137,21733,413.6,6.4,34.2,NA,108.4,264.7,3536.5,794.2,2403.4,338.9,NA,2010
"412","Arkansas",2921588,14711,134,1321,NA,2369,10887,103820,32463,65796,5561,503.5,4.6,45.2,NA,81.1,372.6,3553.5,1111.1,2252.1,190.3,NA,2010
"413","California",37338198,164133,1809,8331,NA,58116,95877,981939,228857,600558,152524,439.6,4.8,22.3,NA,155.6,256.8,2629.9,612.9,1608.4,408.5,NA,2010
"414","Colorado",5047692,16339,129,2230,NA,3164,10816,135001,26196,97534,11271,323.7,2.6,44.2,NA,62.7,214.3,2674.5,519,1932.2,223.3,NA,2010
"415","Connecticut",3575498,10083,133,595,NA,3553,5802,78259,15145,56413,6701,282,3.7,16.6,NA,99.4,162.3,2188.8,423.6,1577.8,187.4,NA,2010
"416","Delaware",899792,5608,51,326,NA,1839,3392,31078,7550,21593,1935,623.3,5.7,36.2,NA,204.4,377,3453.9,839.1,2399.8,215,NA,2010
"417","District of Columbia",604912,8026,132,187,NA,4325,3382,28802,4233,19514,5055,1326.8,21.8,30.9,NA,715,559.1,4761.4,699.8,3225.9,835.7,NA,2010
"418","Florida",18838613,101969,987,5373,NA,26086,69523,669035,169119,458454,41462,541.3,5.2,28.5,NA,138.5,369,3551.4,897.7,2433.6,220.1,NA,2010
"419","Georgia",9712157,39068,555,2107,NA,12372,24034,353449,96947,226161,30341,402.3,5.7,21.7,NA,127.4,247.5,3639.2,998.2,2328.6,312.4,NA,2010
"420","Hawaii",1363359,3603,25,377,NA,1065,2136,45667,8706,31681,5280,264.3,1.8,27.7,NA,78.1,156.7,3349.6,638.6,2323.7,387.3,NA,2010
"421","Idaho",1571102,3464,22,533,NA,213,2696,31436,6513,23594,1329,220.5,1.4,33.9,NA,13.6,171.6,2000.9,414.5,1501.7,84.6,NA,2010
"422","Illinois",12841980,57132,704,3066,NA,20386,32976,349064,77472,242681,28911,444.9,5.5,23.9,NA,158.7,256.8,2718.1,603.3,1889.7,225.1,NA,2010
"423","Indiana",6490622,20983,268,1760,NA,6559,12396,199274,48570,137204,13500,323.3,4.1,27.1,NA,101.1,191,3070.2,748.3,2113.9,208,NA,2010
"424","Iowa",3050202,8191,38,883,NA,1012,6258,68740,16746,48194,3800,268.5,1.2,28.9,NA,33.2,205.2,2253.6,549,1580,124.6,NA,2010
"425","Kansas",2859143,10602,97,1146,NA,1538,7821,89109,19315,63774,6020,370.8,3.4,40.1,NA,53.8,273.5,3116.6,675.6,2230.5,210.6,NA,2010
"426","Kentucky",4347223,10604,188,1438,NA,3748,5230,111170,30443,74488,6239,243.9,4.3,33.1,NA,86.2,120.3,2557.3,700.3,1713.5,143.5,NA,2010
"427","Louisiana",4545343,25241,500,1230,NA,5297,18214,165667,45437,110260,9970,555.3,11,27.1,NA,116.5,400.7,3644.8,999.6,2425.8,219.3,NA,2010
"428","Maine",1327379,1621,24,389,NA,412,796,32900,7364,24547,989,122.1,1.8,29.3,NA,31,60,2478.6,554.8,1849.3,74.5,NA,2010
"429","Maryland",5785681,31607,426,1228,NA,11054,18899,173309,36704,118578,18027,546.3,7.4,21.2,NA,191.1,326.7,2995.5,634.4,2049.5,311.6,NA,2010
"430","Massachusetts",6555466,30737,214,1784,NA,6897,21842,154496,37903,105124,11469,468.9,3.3,27.2,NA,105.2,333.2,2356.8,578.2,1603.6,175,NA,2010
"431","Michigan",9877143,48693,580,4733,NA,11522,31858,271501,74345,169748,27408,493,5.9,47.9,NA,116.7,322.5,2748.8,752.7,1718.6,277.5,NA,2010
"432","Minnesota",5310658,12515,96,1798,NA,3388,7233,136431,24415,103429,8587,235.7,1.8,33.9,NA,63.8,136.2,2569,459.7,1947.6,161.7,NA,2010
"433","Mississippi",2970072,7999,204,931,NA,2777,4087,88596,30453,52784,5359,269.3,6.9,31.3,NA,93.5,137.6,2983,1025.3,1777.2,180.4,NA,2010
"434","Missouri",5995715,27440,420,1445,NA,6185,19390,200858,44197,140526,16135,457.7,7,24.1,NA,103.2,323.4,3350,737.1,2343.8,269.1,NA,2010
"435","Montana",990958,2733,25,332,NA,154,2222,25409,3692,20166,1551,275.8,2.5,33.5,NA,15.5,224.2,2564.1,372.6,2035,156.5,NA,2010
"436","Nebraska",1830141,5093,54,674,NA,1020,3345,48827,8318,36896,3613,278.3,3,36.8,NA,55.7,182.8,2667.9,454.5,2016,197.4,NA,2010
"437","Nevada",2704283,17929,158,965,NA,5298,11508,75004,22286,42533,10185,663,5.8,35.7,NA,195.9,425.5,2773.5,824.1,1572.8,376.6,NA,2010
"438","New Hampshire",1316807,2204,13,411,NA,450,1330,29230,5444,22789,997,167.4,1,31.2,NA,34.2,101,2219.8,413.4,1730.6,75.7,NA,2010
"439","New Jersey",8799593,27055,371,981,NA,11818,13885,183042,38732,128754,15556,307.5,4.2,11.1,NA,134.3,157.8,2080.1,440.2,1463.2,176.8,NA,2010
"440","New Mexico",2065913,12147,140,959,NA,1616,9432,70776,21023,44503,5250,588,6.8,46.4,NA,78.2,456.6,3425.9,1017.6,2154.2,254.1,NA,2010
"441","New York",19395206,76492,868,2797,NA,28630,44197,379710,65839,293232,20639,394.4,4.5,14.4,NA,147.6,227.9,1957.8,339.5,1511.9,106.4,NA,2010
"442","North Carolina",9560234,34679,474,2002,NA,9620,22583,329202,102826,208057,18319,362.7,5,20.9,NA,100.6,236.2,3443.5,1075.6,2176.3,191.6,NA,2010
"443","North Dakota",674629,1548,10,245,NA,90,1203,12010,2000,9137,873,229.5,1.5,36.3,NA,13.3,178.3,1780.2,296.5,1354.4,129.4,NA,2010
"444","Ohio",11537968,36306,479,3730,NA,16486,15611,376836,107125,248581,21130,314.7,4.2,32.3,NA,142.9,135.3,3266.1,928.5,2154.5,183.1,NA,2010
"445","Oklahoma",3760184,18100,195,1469,NA,3345,13091,129464,37848,81303,10313,481.4,5.2,39.1,NA,89,348.1,3443,1006.5,2162.2,274.3,NA,2010
"446","Oregon",3838332,9648,96,1239,NA,2421,5892,116657,20035,87494,9128,251.4,2.5,32.3,NA,63.1,153.5,3039.3,522,2279.5,237.8,NA,2010
"447","Pennsylvania",12717722,46612,653,3472,NA,16375,26112,276366,55206,204440,16720,366.5,5.1,27.3,NA,128.8,205.3,2173.1,434.1,1607.5,131.5,NA,2010
"448","Rhode Island",1052528,2709,29,298,NA,782,1600,26959,6124,18432,2403,257.4,2.8,28.3,NA,74.3,152,2561.4,581.8,1751.2,228.3,NA,2010
"449","South Carolina",4637106,27923,265,1551,NA,5017,21090,181098,46261,121544,13293,602.2,5.7,33.4,NA,108.2,454.8,3905.4,997.6,2621.1,286.7,NA,2010
"450","South Dakota",816598,2196,23,385,NA,154,1634,15188,3192,11196,800,268.9,2.8,47.1,NA,18.9,200.1,1859.9,390.9,1371.1,98,NA,2010
"451","Tennessee",6357436,38909,359,2173,NA,8361,28016,232855,64293,153729,14833,612,5.6,34.2,NA,131.5,440.7,3662.7,1011.3,2418.1,233.3,NA,2010
"452","Texas",25253466,113231,1249,7622,NA,32843,71517,951246,228597,654626,68023,448.4,4.9,30.2,NA,130.1,283.2,3766.8,905.2,2592.2,269.4,NA,2010
"453","Utah",2775479,5925,53,983,NA,1269,3620,88316,15095,67242,5979,213.5,1.9,35.4,NA,45.7,130.4,3182,543.9,2422.7,215.4,NA,2010
"454","Vermont",625909,820,7,141,NA,76,596,14160,3348,10373,439,131,1.1,22.5,NA,12.1,95.2,2262.3,534.9,1657.3,70.1,NA,2010
"455","Virginia",8023953,17184,376,1580,NA,5678,9550,187403,30804,145990,10609,214.2,4.7,19.7,NA,70.8,119,2335.5,383.9,1819.4,132.2,NA,2010
"456","Washington",6742950,21138,154,2579,NA,5929,12476,249426,55192,168490,25744,313.5,2.3,38.2,NA,87.9,185,3699.1,818.5,2498.8,381.8,NA,2010
"457","West Virginia",1854368,5586,58,362,NA,776,4390,41301,10778,28104,2419,301.2,3.1,19.5,NA,41.8,236.7,2227.2,581.2,1515.6,130.4,NA,2010
"458","Wisconsin",5691659,14167,155,1191,NA,4516,8305,142781,26636,107993,8152,248.9,2.7,20.9,NA,79.3,145.9,2508.6,468,1897.4,143.2,NA,2010
"459","Wyoming",564554,1117,8,162,NA,77,870,13869,2151,11126,592,197.9,1.4,28.7,NA,13.6,154.1,2456.6,381,1970.8,104.9,NA,2010
"460","Alabama",4817528,21693,342,1296,NA,5020,15035,168878,47481,111523,9874,450.3,7.1,26.9,NA,104.2,312.1,3505.5,985.6,2314.9,205,NA,2012
"461","Alaska",730307,4412,30,583,NA,630,3169,20037,2950,15565,1522,604.1,4.1,79.8,NA,86.3,433.9,2743.6,403.9,2131.3,208.4,NA,2012
"462","Arizona",6551149,28077,358,2282,NA,7383,18054,231701,52911,159808,18982,428.6,5.5,34.8,NA,112.7,275.6,3536.8,807.7,2439.4,289.8,NA,2012
"463","Arkansas",2949828,13851,174,1233,NA,2310,10134,109389,32673,70982,5734,469.6,5.9,41.8,NA,78.3,343.5,3708.3,1107.6,2406.3,194.4,NA,2012
"464","California",37999878,160944,1884,7837,NA,56521,94702,1049465,245767,635090,168608,423.5,5,20.6,NA,148.7,249.2,2761.8,646.8,1671.3,443.7,NA,2012
"465","Colorado",5189458,15951,152,2122,NA,3392,10285,139355,26163,101091,12101,307.4,2.9,40.9,NA,65.4,198.2,2685.3,504.2,1948,233.2,NA,2012
"466","Connecticut",3591765,10183,117,933,NA,3709,5424,77169,14787,55904,6478,283.5,3.3,26,NA,103.3,151,2148.5,411.7,1556.4,180.4,NA,2012
"467","Delaware",917053,5048,56,249,NA,1498,3245,30707,7389,21880,1438,550.5,6.1,27.2,NA,163.3,353.9,3348.4,805.7,2385.9,156.8,NA,2012
"468","District of Columbia",633427,7866,88,236,NA,4037,3505,30757,3519,23575,3663,1241.8,13.9,37.3,NA,637.3,553.3,4855.7,555.5,3721.8,578.3,NA,2012
"469","Florida",19320749,94087,1009,5260,NA,23889,63929,632988,153563,442095,37330,487,5.2,27.2,NA,123.6,330.9,3276.2,794.8,2288.2,193.2,NA,2012
"470","Georgia",9915646,37675,583,2143,NA,12502,22447,339473,86992,223875,28606,380,5.9,21.6,NA,126.1,226.4,3423.6,877.3,2257.8,288.5,NA,2012
"471","Hawaii",1390090,3378,21,279,NA,1125,1953,43419,7653,31901,3865,243,1.5,20.1,NA,80.9,140.5,3123.5,550.5,2294.9,278,NA,2012
"472","Idaho",1595590,3348,30,495,NA,243,2580,31825,7240,23203,1382,209.8,1.9,31,NA,15.2,161.7,1994.6,453.8,1454.2,86.6,NA,2012
"473","Illinois",12868192,53556,770,3581,NA,19480,29725,332706,71100,235314,26292,416.2,6,27.8,NA,151.4,231,2585.5,552.5,1828.6,204.3,NA,2012
"474","Indiana",6537782,22544,307,1661,NA,6601,13975,197994,47689,136668,13637,344.8,4.7,25.4,NA,101,213.8,3028.5,729.4,2090.4,208.6,NA,2012
"475","Iowa",3075039,8167,49,901,NA,962,6255,70357,17201,49116,4040,265.6,1.6,29.3,NA,31.3,203.4,2288,559.4,1597.2,131.4,NA,2012
"476","Kansas",2885398,10292,85,1105,NA,1493,7609,91066,18874,65413,6779,356.7,2.9,38.3,NA,51.7,263.7,3156.1,654.1,2267,234.9,NA,2012
"477","Kentucky",4379730,9852,201,1312,NA,3547,4792,112800,29877,76199,6724,224.9,4.6,30,NA,81,109.4,2575.5,682.2,1739.8,153.5,NA,2012
"478","Louisiana",4602134,22839,489,1155,NA,5458,15737,162673,42037,112764,7872,496.3,10.6,25.1,NA,118.6,342,3534.7,913.4,2450.3,171.1,NA,2012
"479","Maine",1328501,1626,26,372,NA,420,808,33398,7476,24931,991,122.4,2,28,NA,31.6,60.8,2514,562.7,1876.6,74.6,NA,2012
"480","Maryland",5884868,28086,373,1237,NA,10173,16303,162309,33803,113550,14956,477.3,6.3,21,NA,172.9,277,2758.1,574.4,1929.5,254.1,NA,2012
"481","Massachusetts",6645303,27047,121,1650,NA,6555,18721,143325,34635,99453,9237,407,1.8,24.8,NA,98.6,281.7,2156.8,521.2,1496.6,139,NA,2012
"482","Michigan",9882519,44962,701,4635,NA,10423,29203,249249,65560,158609,25080,455,7.1,46.9,NA,105.5,295.5,2522.1,663.4,1604.9,253.8,NA,2012
"483","Minnesota",5379646,12419,99,1638,NA,3475,7207,138152,25378,104316,8458,230.9,1.8,30.4,NA,64.6,134,2568.1,471.7,1939.1,157.2,NA,2012
"484","Mississippi",2986450,7769,213,819,NA,2277,4460,83933,28084,51520,4329,260.1,7.1,27.4,NA,76.2,149.3,2810.5,940.4,1725.1,145,NA,2012
"485","Missouri",6024522,27189,390,1527,NA,5782,19490,199813,42510,140971,16332,451.3,6.5,25.3,NA,96,323.5,3316.7,705.6,2340,271.1,NA,2012
"486","Montana",1005494,2803,29,392,NA,202,2180,26102,3920,20484,1698,278.8,2.9,39,NA,20.1,216.8,2595.9,389.9,2037.2,168.9,NA,2012
"487","Nebraska",1855350,4802,52,710,NA,1128,2912,51203,8745,38301,4157,258.8,2.8,38.3,NA,60.8,157,2759.7,471.3,2064.4,224.1,NA,2012
"488","Nevada",2754354,16763,124,931,NA,4918,10790,77510,22120,45372,10018,608.6,4.5,33.8,NA,178.6,391.7,2814.1,803.1,1647.3,363.7,NA,2012
"489","New Hampshire",1321617,2841,15,486,NA,471,1869,32074,5988,25024,1062,215,1.1,36.8,NA,35.6,141.4,2426.9,453.1,1893.4,80.4,NA,2012
"490","New Jersey",8867749,25727,388,1035,NA,11385,12919,181481,42338,122662,16481,290.1,4.4,11.7,NA,128.4,145.7,2046.5,477.4,1383.2,185.9,NA,2012
"491","New Mexico",2083540,11660,116,957,NA,1847,8740,75094,21384,48247,5463,559.6,5.6,45.9,NA,88.6,419.5,3604.2,1026.3,2315.6,262.2,NA,2012
"492","New York",19576125,79535,683,2837,NA,28633,47382,375268,64389,293562,17317,406.3,3.5,14.5,NA,146.3,242,1917,328.9,1499.6,88.5,NA,2012
"493","North Carolina",9748364,34464,479,1984,NA,9392,22609,328594,99323,213151,16120,353.5,4.9,20.4,NA,96.3,231.9,3370.8,1018.9,2186.5,165.4,NA,2012
"494","North Dakota",701345,1723,25,279,NA,127,1292,14297,2429,10687,1181,245.7,3.6,39.8,NA,18.1,184.2,2038.5,346.3,1523.8,168.4,NA,2012
"495","Ohio",11553031,34827,478,3813,NA,15396,15140,370435,105312,245372,19751,301.5,4.1,33,NA,133.3,131,3206.4,911.6,2123.9,171,NA,2012
"496","Oklahoma",3815780,18102,220,1622,NA,3248,13012,130969,36094,83131,11744,474.4,5.8,42.5,NA,85.1,341,3432.3,945.9,2178.6,307.8,NA,2012
"497","Oregon",3899801,9638,91,1159,NA,2419,5969,126417,22051,94114,10252,247.1,2.3,29.7,NA,62,153.1,3241.6,565.4,2413.3,262.9,NA,2012
"498","Pennsylvania",12764475,45384,707,3371,NA,15735,25571,276562,57040,204409,15113,355.5,5.5,26.4,NA,123.3,200.3,2166.7,446.9,1601.4,118.4,NA,2012
"499","Rhode Island",1050304,2657,36,292,NA,715,1614,27039,5929,18478,2632,253,3.4,27.8,NA,68.1,153.7,2574.4,564.5,1759.3,250.6,NA,2012
"500","South Carolina",4723417,26474,332,1712,NA,4511,19919,181049,45222,122340,13487,560.5,7,36.2,NA,95.5,421.7,3833,957.4,2590.1,285.5,NA,2012
"501","South Dakota",834047,2701,23,600,NA,157,1921,17326,3280,12973,1073,323.8,2.8,71.9,NA,18.8,230.3,2077.3,393.3,1555.4,128.6,NA,2012
"502","Tennessee",6454914,41213,400,2047,NA,8151,30615,217925,56231,148731,12963,638.5,6.2,31.7,NA,126.3,474.3,3376.1,871.1,2304.2,200.8,NA,2012
"503","Texas",26060796,106475,1148,7715,NA,30385,67227,876459,205002,606425,65032,408.6,4.4,29.6,NA,116.6,258,3363.1,786.6,2327,249.5,NA,2012
"504","Utah",2854871,5939,52,975,NA,1105,3807,86284,13095,67157,6032,208,1.8,34.2,NA,38.7,133.4,3022.3,458.7,2352.4,211.3,NA,2012
"505","Vermont",625953,891,8,131,NA,114,638,15653,4179,11014,460,142.3,1.3,20.9,NA,18.2,101.9,2500.7,667.6,1759.6,73.5,NA,2012
"506","Virginia",8186628,15676,322,1505,NA,4718,9131,178434,29651,139654,9129,191.5,3.9,18.4,NA,57.6,111.5,2179.6,362.2,1705.9,111.5,NA,2012
"507","Washington",6895318,20553,217,2250,NA,5801,12285,254377,61376,166338,26663,298.1,3.1,32.6,NA,84.1,178.2,3689.1,890.1,2412.3,386.7,NA,2012
"508","West Virginia",1856680,5943,70,415,NA,835,4623,44500,11466,30800,2234,320.1,3.8,22.4,NA,45,249,2396.8,617.6,1658.9,120.3,NA,2012
"509","Wisconsin",5724554,16254,169,1228,NA,4692,10165,140780,27931,104619,8230,283.9,3,21.5,NA,82,177.6,2459.2,487.9,1827.5,143.8,NA,2012
"510","Wyoming",576626,1161,14,154,NA,61,932,13222,2125,10513,584,201.3,2.4,26.7,NA,10.6,161.6,2293,368.5,1823.2,101.3,NA,2012
